anzsco_code,occupation_name,weekly_cash_earnings_males_raw,weekly_cash_earnings_females_raw,weekly_cash_earnings_persons_raw,average_age_males_raw,average_age_females_raw,average_age_persons_raw,currency,earnings_period,reference_period,source,source_table,source_file
1111,Chief executives and managing directors,2775.6,3569.7,2962.8,51.0,50.0,50.7,AUD,weekly,2025-05-01,Australian Bureau of Statistics,"Employee Earnings and Hours - Data Cube 11, Table 1",abs_employee_earnings_hours_anzsco4_2025-05.xlsx
1112,General managers,3597.7,3267.4,3476.7,50.1,46.8,48.9,AUD,weekly,2025-05-01,Australian Bureau of Statistics,"Employee Earnings and Hours - Data Cube 11, Table 1",abs_employee_earnings_hours_anzsco4_2025-05.xlsx
1113,Legislators,,,,,,,AUD,weekly,2025-05-01,Australian Bureau of Statistics,"Employee Earnings and Hours - Data Cube 11, Table 1",abs_employee_earnings_hours_anzsco4_2025-05.xlsx
1211,Aquaculture farmers,,,,,,,AUD,weekly,2025-05-01,Australian Bureau of Statistics,"Employee Earnings and Hours - Data Cube 11, Table 1",abs_employee_earnings_hours_anzsco4_2025-05.xlsx
1213,Livestock farmers,2249.8,,2249.8,37.9,,37.9,AUD,weekly,2025-05-01,Australian Bureau of Statistics,"Employee Earnings and Hours - Data Cube 11, Table 1",abs_employee_earnings_hours_anzsco4_2025-05.xlsx
1215,Broadacre crop growers,,,,,,,AUD,weekly,2025-05-01,Australian Bureau of Statistics,"Employee Earnings and Hours - Data Cube 11, Table 1",abs_employee_earnings_hours_anzsco4_2025-05.xlsx
1216,Horticultural crop growers,,,,,,,AUD,weekly,2025-05-01,Australian Bureau of Statistics,"Employee Earnings and Hours - Data Cube 11, Table 1",abs_employee_earnings_hours_anzsco4_2025-05.xlsx
1217,Mixed production farmers,,,,,,,AUD,weekly,2025-05-01,Australian Bureau of Statistics,"Employee Earnings and Hours - Data Cube 11, Table 1",abs_employee_earnings_hours_anzsco4_2025-05.xlsx
1311,"Advertising, public relations and sales managers",3086.3,2935.2,3033.6,46.3,44.8,45.8,AUD,weekly,2025-05-01,Australian Bureau of Statistics,"Employee Earnings and Hours - Data Cube 11, Table 1",abs_employee_earnings_hours_anzsco4_2025-05.xlsx
1321,Corporate services managers,3561.4,2755.8,3263.0,46.1,47.0,46.5,AUD,weekly,2025-05-01,Australian Bureau of Statistics,"Employee Earnings and Hours - Data Cube 11, Table 1",abs_employee_earnings_hours_anzsco4_2025-05.xlsx
1322,Finance managers,3640.1,2718.9,3155.3,46.8,46.6,46.7,AUD,weekly,2025-05-01,Australian Bureau of Statistics,"Employee Earnings and Hours - Data Cube 11, Table 1",abs_employee_earnings_hours_anzsco4_2025-05.xlsx
1323,Human resource managers,3125.9,2925.9,2995.7,46.8,48.8,48.1,AUD,weekly,2025-05-01,Australian Bureau of Statistics,"Employee Earnings and Hours - Data Cube 11, Table 1",abs_employee_earnings_hours_anzsco4_2025-05.xlsx
1324,Policy and planning managers,3528.2,3110.1,3302.3,46.1,45.5,45.8,AUD,weekly,2025-05-01,Australian Bureau of Statistics,"Employee Earnings and Hours - Data Cube 11, Table 1",abs_employee_earnings_hours_anzsco4_2025-05.xlsx
1325,Research and development managers,3188.1,3099.4,3133.3,48.8,44.7,46.2,AUD,weekly,2025-05-01,Australian Bureau of Statistics,"Employee Earnings and Hours - Data Cube 11, Table 1",abs_employee_earnings_hours_anzsco4_2025-05.xlsx
1331,Construction managers,2940.7,2118.4,2837.7,45.0,46.1,45.2,AUD,weekly,2025-05-01,Australian Bureau of Statistics,"Employee Earnings and Hours - Data Cube 11, Table 1",abs_employee_earnings_hours_anzsco4_2025-05.xlsx
1332,Engineering managers,3960.9,3817.9,3938.8,47.8,46.7,47.6,AUD,weekly,2025-05-01,Australian Bureau of Statistics,"Employee Earnings and Hours - Data Cube 11, Table 1",abs_employee_earnings_hours_anzsco4_2025-05.xlsx
1333,"Importers, exporters and wholesalers",,,1903.4,,,47.8,AUD,weekly,2025-05-01,Australian Bureau of Statistics,"Employee Earnings and Hours - Data Cube 11, Table 1",abs_employee_earnings_hours_anzsco4_2025-05.xlsx
1334,Manufacturers,2283.7,1499.3,2124.4,54.9,56.2,55.1,AUD,weekly,2025-05-01,Australian Bureau of Statistics,"Employee Earnings and Hours - Data Cube 11, Table 1",abs_employee_earnings_hours_anzsco4_2025-05.xlsx
1335,Production managers,2866.6,2549.8,2817.8,46.8,43.5,46.3,AUD,weekly,2025-05-01,Australian Bureau of Statistics,"Employee Earnings and Hours - Data Cube 11, Table 1",abs_employee_earnings_hours_anzsco4_2025-05.xlsx
1336,"Supply, distribution and procurement managers",3044.5,2611.5,2915.3,49.9,42.2,47.6,AUD,weekly,2025-05-01,Australian Bureau of Statistics,"Employee Earnings and Hours - Data Cube 11, Table 1",abs_employee_earnings_hours_anzsco4_2025-05.xlsx
1341,Child care centre managers,,,1650.3,,,39.8,AUD,weekly,2025-05-01,Australian Bureau of Statistics,"Employee Earnings and Hours - Data Cube 11, Table 1",abs_employee_earnings_hours_anzsco4_2025-05.xlsx
1342,Health and welfare services managers,2943.8,2611.8,2720.9,40.9,47.5,45.3,AUD,weekly,2025-05-01,Australian Bureau of Statistics,"Employee Earnings and Hours - Data Cube 11, Table 1",abs_employee_earnings_hours_anzsco4_2025-05.xlsx
1343,School principals,3253.3,2832.2,2939.8,54.1,47.8,49.4,AUD,weekly,2025-05-01,Australian Bureau of Statistics,"Employee Earnings and Hours - Data Cube 11, Table 1",abs_employee_earnings_hours_anzsco4_2025-05.xlsx
1344,Other education managers,3016.5,2696.3,2822.8,46.2,46.7,46.5,AUD,weekly,2025-05-01,Australian Bureau of Statistics,"Employee Earnings and Hours - Data Cube 11, Table 1",abs_employee_earnings_hours_anzsco4_2025-05.xlsx
1351,ICT managers,3566.6,3600.5,3573.4,46.0,41.5,45.1,AUD,weekly,2025-05-01,Australian Bureau of Statistics,"Employee Earnings and Hours - Data Cube 11, Table 1",abs_employee_earnings_hours_anzsco4_2025-05.xlsx
1391,Commissioned officers (management),3989.7,3604.8,3872.8,50.1,48.5,49.6,AUD,weekly,2025-05-01,Australian Bureau of Statistics,"Employee Earnings and Hours - Data Cube 11, Table 1",abs_employee_earnings_hours_anzsco4_2025-05.xlsx
1392,Senior non-commissioned defence force members,,,,,,,AUD,weekly,2025-05-01,Australian Bureau of Statistics,"Employee Earnings and Hours - Data Cube 11, Table 1",abs_employee_earnings_hours_anzsco4_2025-05.xlsx
1399,Other specialist managers,3258.7,2897.9,3105.7,47.7,43.7,46.0,AUD,weekly,2025-05-01,Australian Bureau of Statistics,"Employee Earnings and Hours - Data Cube 11, Table 1",abs_employee_earnings_hours_anzsco4_2025-05.xlsx
1411,Cafe and restaurant managers,1502.4,1474.7,1492.1,39.4,40.1,39.6,AUD,weekly,2025-05-01,Australian Bureau of Statistics,"Employee Earnings and Hours - Data Cube 11, Table 1",abs_employee_earnings_hours_anzsco4_2025-05.xlsx
1412,Caravan park and camping ground managers,1549.1,1468.2,1499.8,38.7,50.6,46.0,AUD,weekly,2025-05-01,Australian Bureau of Statistics,"Employee Earnings and Hours - Data Cube 11, Table 1",abs_employee_earnings_hours_anzsco4_2025-05.xlsx
1413,Hotel and motel managers,1724.7,1752.3,1744.3,40.9,40.5,40.6,AUD,weekly,2025-05-01,Australian Bureau of Statistics,"Employee Earnings and Hours - Data Cube 11, Table 1",abs_employee_earnings_hours_anzsco4_2025-05.xlsx
1414,Licensed club managers,1790.7,1693.4,1729.2,30.2,32.3,31.5,AUD,weekly,2025-05-01,Australian Bureau of Statistics,"Employee Earnings and Hours - Data Cube 11, Table 1",abs_employee_earnings_hours_anzsco4_2025-05.xlsx
1419,Other accommodation and hospitality managers,1849.5,2234.0,2084.4,44.6,52.2,49.2,AUD,weekly,2025-05-01,Australian Bureau of Statistics,"Employee Earnings and Hours - Data Cube 11, Table 1",abs_employee_earnings_hours_anzsco4_2025-05.xlsx
1421,Retail managers,1681.8,1538.4,1614.2,43.2,42.7,43.0,AUD,weekly,2025-05-01,Australian Bureau of Statistics,"Employee Earnings and Hours - Data Cube 11, Table 1",abs_employee_earnings_hours_anzsco4_2025-05.xlsx
1491,"Amusement, fitness and sports centre managers",1503.2,1468.7,1490.5,39.0,46.1,41.6,AUD,weekly,2025-05-01,Australian Bureau of Statistics,"Employee Earnings and Hours - Data Cube 11, Table 1",abs_employee_earnings_hours_anzsco4_2025-05.xlsx
1492,Call or contact centre and customer service managers,2751.4,2215.2,2483.5,46.4,44.7,45.5,AUD,weekly,2025-05-01,Australian Bureau of Statistics,"Employee Earnings and Hours - Data Cube 11, Table 1",abs_employee_earnings_hours_anzsco4_2025-05.xlsx
1493,Conference and event organisers,1605.6,1536.3,1547.1,39.8,39.8,39.8,AUD,weekly,2025-05-01,Australian Bureau of Statistics,"Employee Earnings and Hours - Data Cube 11, Table 1",abs_employee_earnings_hours_anzsco4_2025-05.xlsx
1494,Transport services managers,2209.3,2774.5,2358.4,50.9,42.4,48.6,AUD,weekly,2025-05-01,Australian Bureau of Statistics,"Employee Earnings and Hours - Data Cube 11, Table 1",abs_employee_earnings_hours_anzsco4_2025-05.xlsx
1499,"Other hospitality, retail and service managers",2394.0,2396.0,2394.7,49.0,43.0,46.9,AUD,weekly,2025-05-01,Australian Bureau of Statistics,"Employee Earnings and Hours - Data Cube 11, Table 1",abs_employee_earnings_hours_anzsco4_2025-05.xlsx
2111,"Actors, dancers and other entertainers",1148.7,440.1,763.5,40.2,23.5,31.1,AUD,weekly,2025-05-01,Australian Bureau of Statistics,"Employee Earnings and Hours - Data Cube 11, Table 1",abs_employee_earnings_hours_anzsco4_2025-05.xlsx
2112,Music professionals,971.5,1195.5,1048.5,47.0,30.8,41.4,AUD,weekly,2025-05-01,Australian Bureau of Statistics,"Employee Earnings and Hours - Data Cube 11, Table 1",abs_employee_earnings_hours_anzsco4_2025-05.xlsx
2113,Photographers,1519.4,2171.4,1734.7,43.4,38.6,41.8,AUD,weekly,2025-05-01,Australian Bureau of Statistics,"Employee Earnings and Hours - Data Cube 11, Table 1",abs_employee_earnings_hours_anzsco4_2025-05.xlsx
2114,Visual arts and crafts professionals,,,1676.9,,,42.6,AUD,weekly,2025-05-01,Australian Bureau of Statistics,"Employee Earnings and Hours - Data Cube 11, Table 1",abs_employee_earnings_hours_anzsco4_2025-05.xlsx
2121,"Artistic directors, and media producers and presenters",2054.9,1947.0,1999.2,42.9,41.7,42.3,AUD,weekly,2025-05-01,Australian Bureau of Statistics,"Employee Earnings and Hours - Data Cube 11, Table 1",abs_employee_earnings_hours_anzsco4_2025-05.xlsx
2122,"Authors, and book and script editors",,,1415.4,,,47.4,AUD,weekly,2025-05-01,Australian Bureau of Statistics,"Employee Earnings and Hours - Data Cube 11, Table 1",abs_employee_earnings_hours_anzsco4_2025-05.xlsx
2123,"Film, television, radio and stage directors",2023.6,2009.3,2017.1,43.3,39.9,41.7,AUD,weekly,2025-05-01,Australian Bureau of Statistics,"Employee Earnings and Hours - Data Cube 11, Table 1",abs_employee_earnings_hours_anzsco4_2025-05.xlsx
2124,Journalists and other writers,1894.2,1717.9,1794.2,43.3,41.9,42.5,AUD,weekly,2025-05-01,Australian Bureau of Statistics,"Employee Earnings and Hours - Data Cube 11, Table 1",abs_employee_earnings_hours_anzsco4_2025-05.xlsx
2211,Accountants,1944.7,1754.1,1829.3,41.2,41.6,41.4,AUD,weekly,2025-05-01,Australian Bureau of Statistics,"Employee Earnings and Hours - Data Cube 11, Table 1",abs_employee_earnings_hours_anzsco4_2025-05.xlsx
2212,"Auditors, company secretaries and corporate treasurers",2437.2,2109.4,2258.5,39.3,40.4,39.9,AUD,weekly,2025-05-01,Australian Bureau of Statistics,"Employee Earnings and Hours - Data Cube 11, Table 1",abs_employee_earnings_hours_anzsco4_2025-05.xlsx
2221,Financial brokers,1901.6,1904.5,1902.6,43.6,44.7,44.0,AUD,weekly,2025-05-01,Australian Bureau of Statistics,"Employee Earnings and Hours - Data Cube 11, Table 1",abs_employee_earnings_hours_anzsco4_2025-05.xlsx
2222,Financial dealers,2597.4,2740.0,2668.1,43.9,40.2,42.1,AUD,weekly,2025-05-01,Australian Bureau of Statistics,"Employee Earnings and Hours - Data Cube 11, Table 1",abs_employee_earnings_hours_anzsco4_2025-05.xlsx
2223,Financial investment advisers and managers,2463.4,2310.6,2402.6,42.9,42.5,42.7,AUD,weekly,2025-05-01,Australian Bureau of Statistics,"Employee Earnings and Hours - Data Cube 11, Table 1",abs_employee_earnings_hours_anzsco4_2025-05.xlsx
2231,Human resource professionals,1754.7,1941.0,1895.6,38.7,39.1,39.0,AUD,weekly,2025-05-01,Australian Bureau of Statistics,"Employee Earnings and Hours - Data Cube 11, Table 1",abs_employee_earnings_hours_anzsco4_2025-05.xlsx
2233,Training and development professionals,2287.4,1713.3,1991.5,47.6,43.0,45.2,AUD,weekly,2025-05-01,Australian Bureau of Statistics,"Employee Earnings and Hours - Data Cube 11, Table 1",abs_employee_earnings_hours_anzsco4_2025-05.xlsx
2241,Mathematical science professionals,2216.9,2127.7,2186.0,37.3,42.5,39.1,AUD,weekly,2025-05-01,Australian Bureau of Statistics,"Employee Earnings and Hours - Data Cube 11, Table 1",abs_employee_earnings_hours_anzsco4_2025-05.xlsx
2242,"Archivists, curators and records managers",2334.3,1673.9,1845.5,43.8,45.8,45.3,AUD,weekly,2025-05-01,Australian Bureau of Statistics,"Employee Earnings and Hours - Data Cube 11, Table 1",abs_employee_earnings_hours_anzsco4_2025-05.xlsx
2243,Economists,,,2314.6,,,33.5,AUD,weekly,2025-05-01,Australian Bureau of Statistics,"Employee Earnings and Hours - Data Cube 11, Table 1",abs_employee_earnings_hours_anzsco4_2025-05.xlsx
2244,Intelligence and policy analysts,2319.9,2071.3,2185.3,41.9,39.7,40.7,AUD,weekly,2025-05-01,Australian Bureau of Statistics,"Employee Earnings and Hours - Data Cube 11, Table 1",abs_employee_earnings_hours_anzsco4_2025-05.xlsx
2245,Land economists and valuers,2605.0,2500.1,2562.2,36.7,45.1,40.2,AUD,weekly,2025-05-01,Australian Bureau of Statistics,"Employee Earnings and Hours - Data Cube 11, Table 1",abs_employee_earnings_hours_anzsco4_2025-05.xlsx
2246,Librarians,,,1811.3,,,46.3,AUD,weekly,2025-05-01,Australian Bureau of Statistics,"Employee Earnings and Hours - Data Cube 11, Table 1",abs_employee_earnings_hours_anzsco4_2025-05.xlsx
2247,Management and organisation analysts,2558.8,2237.3,2397.9,43.2,41.3,42.3,AUD,weekly,2025-05-01,Australian Bureau of Statistics,"Employee Earnings and Hours - Data Cube 11, Table 1",abs_employee_earnings_hours_anzsco4_2025-05.xlsx
2249,Other information and organisation professionals,2461.0,1883.0,2217.6,45.5,42.1,44.1,AUD,weekly,2025-05-01,Australian Bureau of Statistics,"Employee Earnings and Hours - Data Cube 11, Table 1",abs_employee_earnings_hours_anzsco4_2025-05.xlsx
2251,Advertising and marketing professionals,2306.6,1824.1,2002.7,40.7,36.7,38.2,AUD,weekly,2025-05-01,Australian Bureau of Statistics,"Employee Earnings and Hours - Data Cube 11, Table 1",abs_employee_earnings_hours_anzsco4_2025-05.xlsx
2252,ICT sales professionals,2391.0,2187.4,2324.8,39.1,40.9,39.7,AUD,weekly,2025-05-01,Australian Bureau of Statistics,"Employee Earnings and Hours - Data Cube 11, Table 1",abs_employee_earnings_hours_anzsco4_2025-05.xlsx
2253,Public relations professionals,1917.7,1991.9,1970.3,36.6,43.1,41.2,AUD,weekly,2025-05-01,Australian Bureau of Statistics,"Employee Earnings and Hours - Data Cube 11, Table 1",abs_employee_earnings_hours_anzsco4_2025-05.xlsx
2254,Technical sales representatives,2570.2,2734.6,2616.2,43.2,49.0,44.9,AUD,weekly,2025-05-01,Australian Bureau of Statistics,"Employee Earnings and Hours - Data Cube 11, Table 1",abs_employee_earnings_hours_anzsco4_2025-05.xlsx
2311,Air transport professionals,3172.7,1588.6,3023.9,41.0,35.2,40.4,AUD,weekly,2025-05-01,Australian Bureau of Statistics,"Employee Earnings and Hours - Data Cube 11, Table 1",abs_employee_earnings_hours_anzsco4_2025-05.xlsx
2312,Marine transport professionals,3029.9,970.0,2338.5,53.7,29.9,45.7,AUD,weekly,2025-05-01,Australian Bureau of Statistics,"Employee Earnings and Hours - Data Cube 11, Table 1",abs_employee_earnings_hours_anzsco4_2025-05.xlsx
2321,Architects and landscape architects,2351.4,1928.5,2218.3,41.8,36.6,40.1,AUD,weekly,2025-05-01,Australian Bureau of Statistics,"Employee Earnings and Hours - Data Cube 11, Table 1",abs_employee_earnings_hours_anzsco4_2025-05.xlsx
2322,Surveyors and spatial scientists,2299.4,1910.7,2273.8,37.7,42.4,38.0,AUD,weekly,2025-05-01,Australian Bureau of Statistics,"Employee Earnings and Hours - Data Cube 11, Table 1",abs_employee_earnings_hours_anzsco4_2025-05.xlsx
2323,"Fashion, industrial and jewellery designers",1719.6,1947.5,1865.4,47.7,39.3,42.3,AUD,weekly,2025-05-01,Australian Bureau of Statistics,"Employee Earnings and Hours - Data Cube 11, Table 1",abs_employee_earnings_hours_anzsco4_2025-05.xlsx
2324,"Graphic and web designers, and illustrators",2013.3,1633.2,1817.9,37.1,37.7,37.4,AUD,weekly,2025-05-01,Australian Bureau of Statistics,"Employee Earnings and Hours - Data Cube 11, Table 1",abs_employee_earnings_hours_anzsco4_2025-05.xlsx
2325,Interior designers,2000.9,1448.7,1544.9,33.7,36.0,35.6,AUD,weekly,2025-05-01,Australian Bureau of Statistics,"Employee Earnings and Hours - Data Cube 11, Table 1",abs_employee_earnings_hours_anzsco4_2025-05.xlsx
2326,Urban and regional planners,2067.6,2334.8,2217.4,38.6,48.8,44.3,AUD,weekly,2025-05-01,Australian Bureau of Statistics,"Employee Earnings and Hours - Data Cube 11, Table 1",abs_employee_earnings_hours_anzsco4_2025-05.xlsx
2331,Chemical and materials engineers,2460.4,,2460.4,52.6,,52.6,AUD,weekly,2025-05-01,Australian Bureau of Statistics,"Employee Earnings and Hours - Data Cube 11, Table 1",abs_employee_earnings_hours_anzsco4_2025-05.xlsx
2332,Civil engineering professionals,2373.8,2091.5,2337.7,38.3,35.6,38.0,AUD,weekly,2025-05-01,Australian Bureau of Statistics,"Employee Earnings and Hours - Data Cube 11, Table 1",abs_employee_earnings_hours_anzsco4_2025-05.xlsx
2333,Electrical engineers,2604.1,2691.8,2612.3,42.4,33.0,41.5,AUD,weekly,2025-05-01,Australian Bureau of Statistics,"Employee Earnings and Hours - Data Cube 11, Table 1",abs_employee_earnings_hours_anzsco4_2025-05.xlsx
2334,Electronics engineers,,,2739.2,,,49.2,AUD,weekly,2025-05-01,Australian Bureau of Statistics,"Employee Earnings and Hours - Data Cube 11, Table 1",abs_employee_earnings_hours_anzsco4_2025-05.xlsx
2335,"Industrial, mechanical and production engineers",2668.0,2831.0,2682.5,38.8,38.0,38.7,AUD,weekly,2025-05-01,Australian Bureau of Statistics,"Employee Earnings and Hours - Data Cube 11, Table 1",abs_employee_earnings_hours_anzsco4_2025-05.xlsx
2336,Mining engineers,3562.3,2963.1,3461.6,44.6,41.1,44.0,AUD,weekly,2025-05-01,Australian Bureau of Statistics,"Employee Earnings and Hours - Data Cube 11, Table 1",abs_employee_earnings_hours_anzsco4_2025-05.xlsx
2339,Other engineering professionals,2507.6,2406.6,2491.2,44.2,35.5,42.8,AUD,weekly,2025-05-01,Australian Bureau of Statistics,"Employee Earnings and Hours - Data Cube 11, Table 1",abs_employee_earnings_hours_anzsco4_2025-05.xlsx
2341,"Agricultural, fisheries and forestry scientists",2322.1,2034.1,2219.2,48.6,31.0,42.3,AUD,weekly,2025-05-01,Australian Bureau of Statistics,"Employee Earnings and Hours - Data Cube 11, Table 1",abs_employee_earnings_hours_anzsco4_2025-05.xlsx
2342,"Chemists, and food and wine scientists",2195.0,1833.1,2026.6,42.3,37.5,40.1,AUD,weekly,2025-05-01,Australian Bureau of Statistics,"Employee Earnings and Hours - Data Cube 11, Table 1",abs_employee_earnings_hours_anzsco4_2025-05.xlsx
2343,Environmental scientists,1692.1,1787.1,1742.3,45.6,39.4,42.3,AUD,weekly,2025-05-01,Australian Bureau of Statistics,"Employee Earnings and Hours - Data Cube 11, Table 1",abs_employee_earnings_hours_anzsco4_2025-05.xlsx
2344,"Geologists, geophysicists and hydrogeologists",2958.3,2384.9,2872.7,35.1,33.7,34.9,AUD,weekly,2025-05-01,Australian Bureau of Statistics,"Employee Earnings and Hours - Data Cube 11, Table 1",abs_employee_earnings_hours_anzsco4_2025-05.xlsx
2345,Life scientists,2034.0,1791.8,1909.8,39.5,36.8,38.1,AUD,weekly,2025-05-01,Australian Bureau of Statistics,"Employee Earnings and Hours - Data Cube 11, Table 1",abs_employee_earnings_hours_anzsco4_2025-05.xlsx
2346,Medical scientists,2029.9,1776.0,1847.4,39.4,41.0,40.6,AUD,weekly,2025-05-01,Australian Bureau of Statistics,"Employee Earnings and Hours - Data Cube 11, Table 1",abs_employee_earnings_hours_anzsco4_2025-05.xlsx
2347,Veterinarians,1786.6,1592.3,1627.1,44.4,44.7,44.6,AUD,weekly,2025-05-01,Australian Bureau of Statistics,"Employee Earnings and Hours - Data Cube 11, Table 1",abs_employee_earnings_hours_anzsco4_2025-05.xlsx
2349,Other natural and physical science professionals,2038.9,1674.8,1856.3,33.0,32.6,32.8,AUD,weekly,2025-05-01,Australian Bureau of Statistics,"Employee Earnings and Hours - Data Cube 11, Table 1",abs_employee_earnings_hours_anzsco4_2025-05.xlsx
2411,Early childhood (pre-primary school) teachers,1523.0,1340.5,1346.1,31.7,38.6,38.4,AUD,weekly,2025-05-01,Australian Bureau of Statistics,"Employee Earnings and Hours - Data Cube 11, Table 1",abs_employee_earnings_hours_anzsco4_2025-05.xlsx
2412,Primary school teachers,2079.7,1660.1,1758.2,44.4,42.4,42.9,AUD,weekly,2025-05-01,Australian Bureau of Statistics,"Employee Earnings and Hours - Data Cube 11, Table 1",abs_employee_earnings_hours_anzsco4_2025-05.xlsx
2413,Middle school teachers / intermediate school teachers,2187.1,1802.1,1863.0,42.5,43.6,43.4,AUD,weekly,2025-05-01,Australian Bureau of Statistics,"Employee Earnings and Hours - Data Cube 11, Table 1",abs_employee_earnings_hours_anzsco4_2025-05.xlsx
2414,Secondary school teachers,2130.8,1938.5,2025.4,41.6,44.5,43.2,AUD,weekly,2025-05-01,Australian Bureau of Statistics,"Employee Earnings and Hours - Data Cube 11, Table 1",abs_employee_earnings_hours_anzsco4_2025-05.xlsx
2415,Special education teachers,,,2060.4,,,42.1,AUD,weekly,2025-05-01,Australian Bureau of Statistics,"Employee Earnings and Hours - Data Cube 11, Table 1",abs_employee_earnings_hours_anzsco4_2025-05.xlsx
2421,University lecturers and tutors,2104.5,1614.4,1830.8,46.2,44.8,45.4,AUD,weekly,2025-05-01,Australian Bureau of Statistics,"Employee Earnings and Hours - Data Cube 11, Table 1",abs_employee_earnings_hours_anzsco4_2025-05.xlsx
2422,Vocational education teachers / polytechnic teachers,1844.1,1459.2,1638.0,53.9,51.5,52.6,AUD,weekly,2025-05-01,Australian Bureau of Statistics,"Employee Earnings and Hours - Data Cube 11, Table 1",abs_employee_earnings_hours_anzsco4_2025-05.xlsx
2491,Education advisers and reviewers,1856.8,2088.4,2033.4,46.7,46.6,46.6,AUD,weekly,2025-05-01,Australian Bureau of Statistics,"Employee Earnings and Hours - Data Cube 11, Table 1",abs_employee_earnings_hours_anzsco4_2025-05.xlsx
2492,Private tutors and teachers,333.7,351.6,346.1,36.0,36.3,36.2,AUD,weekly,2025-05-01,Australian Bureau of Statistics,"Employee Earnings and Hours - Data Cube 11, Table 1",abs_employee_earnings_hours_anzsco4_2025-05.xlsx
2493,Teachers of English to speakers of other languages,1169.0,1635.7,1503.2,44.5,44.4,44.5,AUD,weekly,2025-05-01,Australian Bureau of Statistics,"Employee Earnings and Hours - Data Cube 11, Table 1",abs_employee_earnings_hours_anzsco4_2025-05.xlsx
2511,Nutrition professionals,,,1480.5,,,36.2,AUD,weekly,2025-05-01,Australian Bureau of Statistics,"Employee Earnings and Hours - Data Cube 11, Table 1",abs_employee_earnings_hours_anzsco4_2025-05.xlsx
2512,Medical imaging professionals,2080.6,2024.1,2042.9,40.8,36.7,38.0,AUD,weekly,2025-05-01,Australian Bureau of Statistics,"Employee Earnings and Hours - Data Cube 11, Table 1",abs_employee_earnings_hours_anzsco4_2025-05.xlsx
2513,Occupational and environmental health professionals,2300.0,1990.9,2123.2,48.9,41.8,44.9,AUD,weekly,2025-05-01,Australian Bureau of Statistics,"Employee Earnings and Hours - Data Cube 11, Table 1",abs_employee_earnings_hours_anzsco4_2025-05.xlsx
2514,Optometrists and orthoptists,,,1881.1,,,47.8,AUD,weekly,2025-05-01,Australian Bureau of Statistics,"Employee Earnings and Hours - Data Cube 11, Table 1",abs_employee_earnings_hours_anzsco4_2025-05.xlsx
2515,Pharmacists,1828.0,1398.9,1547.7,39.9,34.9,36.7,AUD,weekly,2025-05-01,Australian Bureau of Statistics,"Employee Earnings and Hours - Data Cube 11, Table 1",abs_employee_earnings_hours_anzsco4_2025-05.xlsx
2519,Other health diagnostic and promotion professionals,2392.2,1228.8,1599.3,40.4,43.1,42.2,AUD,weekly,2025-05-01,Australian Bureau of Statistics,"Employee Earnings and Hours - Data Cube 11, Table 1",abs_employee_earnings_hours_anzsco4_2025-05.xlsx
2521,Chiropractors and osteopaths,,,1087.9,,,55.2,AUD,weekly,2025-05-01,Australian Bureau of Statistics,"Employee Earnings and Hours - Data Cube 11, Table 1",abs_employee_earnings_hours_anzsco4_2025-05.xlsx
2522,Complementary health therapists,,,,,,,AUD,weekly,2025-05-01,Australian Bureau of Statistics,"Employee Earnings and Hours - Data Cube 11, Table 1",abs_employee_earnings_hours_anzsco4_2025-05.xlsx
2523,Dental practitioners,2773.1,2376.9,2471.8,36.2,40.6,39.5,AUD,weekly,2025-05-01,Australian Bureau of Statistics,"Employee Earnings and Hours - Data Cube 11, Table 1",abs_employee_earnings_hours_anzsco4_2025-05.xlsx
2524,Occupational therapists,2862.6,1774.9,1829.6,44.1,34.5,35.0,AUD,weekly,2025-05-01,Australian Bureau of Statistics,"Employee Earnings and Hours - Data Cube 11, Table 1",abs_employee_earnings_hours_anzsco4_2025-05.xlsx
2525,Physiotherapists,1836.5,1460.2,1581.4,32.9,34.2,33.7,AUD,weekly,2025-05-01,Australian Bureau of Statistics,"Employee Earnings and Hours - Data Cube 11, Table 1",abs_employee_earnings_hours_anzsco4_2025-05.xlsx
2526,Podiatrists,,,1271.8,,,44.3,AUD,weekly,2025-05-01,Australian Bureau of Statistics,"Employee Earnings and Hours - Data Cube 11, Table 1",abs_employee_earnings_hours_anzsco4_2025-05.xlsx
2527,Audiologists and speech pathologists / therapists,,,1517.7,,,40.8,AUD,weekly,2025-05-01,Australian Bureau of Statistics,"Employee Earnings and Hours - Data Cube 11, Table 1",abs_employee_earnings_hours_anzsco4_2025-05.xlsx
2531,General practitioners and resident medical officers,3048.1,2378.6,2654.3,41.2,36.3,38.3,AUD,weekly,2025-05-01,Australian Bureau of Statistics,"Employee Earnings and Hours - Data Cube 11, Table 1",abs_employee_earnings_hours_anzsco4_2025-05.xlsx
2532,Anaesthetists,,,5365.6,48.6,61.0,56.0,AUD,weekly,2025-05-01,Australian Bureau of Statistics,"Employee Earnings and Hours - Data Cube 11, Table 1",abs_employee_earnings_hours_anzsco4_2025-05.xlsx
2533,Specialist physicians,3580.1,3276.5,3440.0,41.1,44.6,42.7,AUD,weekly,2025-05-01,Australian Bureau of Statistics,"Employee Earnings and Hours - Data Cube 11, Table 1",abs_employee_earnings_hours_anzsco4_2025-05.xlsx
2534,Psychiatrists,,,3381.3,,,51.1,AUD,weekly,2025-05-01,Australian Bureau of Statistics,"Employee Earnings and Hours - Data Cube 11, Table 1",abs_employee_earnings_hours_anzsco4_2025-05.xlsx
2535,Surgeons,4486.2,3752.4,4158.7,38.7,31.2,35.4,AUD,weekly,2025-05-01,Australian Bureau of Statistics,"Employee Earnings and Hours - Data Cube 11, Table 1",abs_employee_earnings_hours_anzsco4_2025-05.xlsx
2539,Other medical practitioners,4990.4,2770.4,3867.8,42.1,44.3,43.2,AUD,weekly,2025-05-01,Australian Bureau of Statistics,"Employee Earnings and Hours - Data Cube 11, Table 1",abs_employee_earnings_hours_anzsco4_2025-05.xlsx
2541,Midwives,,,1481.8,,,38.3,AUD,weekly,2025-05-01,Australian Bureau of Statistics,"Employee Earnings and Hours - Data Cube 11, Table 1",abs_employee_earnings_hours_anzsco4_2025-05.xlsx
2542,Nurse educators and researchers,2675.4,1893.7,2032.3,53.8,48.2,49.2,AUD,weekly,2025-05-01,Australian Bureau of Statistics,"Employee Earnings and Hours - Data Cube 11, Table 1",abs_employee_earnings_hours_anzsco4_2025-05.xlsx
2543,Nurse managers,3098.1,2348.8,2443.3,42.7,46.7,46.2,AUD,weekly,2025-05-01,Australian Bureau of Statistics,"Employee Earnings and Hours - Data Cube 11, Table 1",abs_employee_earnings_hours_anzsco4_2025-05.xlsx
2544,Registered nurses,1730.8,1716.6,1718.3,40.5,41.9,41.7,AUD,weekly,2025-05-01,Australian Bureau of Statistics,"Employee Earnings and Hours - Data Cube 11, Table 1",abs_employee_earnings_hours_anzsco4_2025-05.xlsx
2611,ICT business and systems analysts,2815.8,2531.7,2737.1,41.5,41.6,41.5,AUD,weekly,2025-05-01,Australian Bureau of Statistics,"Employee Earnings and Hours - Data Cube 11, Table 1",abs_employee_earnings_hours_anzsco4_2025-05.xlsx
2612,Multimedia specialists and web developers,2289.4,1922.3,2228.8,34.8,36.2,35.1,AUD,weekly,2025-05-01,Australian Bureau of Statistics,"Employee Earnings and Hours - Data Cube 11, Table 1",abs_employee_earnings_hours_anzsco4_2025-05.xlsx
2613,Software and applications programmers,2653.1,2432.1,2610.2,39.9,39.8,39.9,AUD,weekly,2025-05-01,Australian Bureau of Statistics,"Employee Earnings and Hours - Data Cube 11, Table 1",abs_employee_earnings_hours_anzsco4_2025-05.xlsx
2621,"Database and systems administrators, and ICT security specialists",2497.7,2081.3,2408.4,42.6,38.7,41.7,AUD,weekly,2025-05-01,Australian Bureau of Statistics,"Employee Earnings and Hours - Data Cube 11, Table 1",abs_employee_earnings_hours_anzsco4_2025-05.xlsx
2631,Computer network professionals,2467.1,1945.5,2398.2,40.9,37.3,40.4,AUD,weekly,2025-05-01,Australian Bureau of Statistics,"Employee Earnings and Hours - Data Cube 11, Table 1",abs_employee_earnings_hours_anzsco4_2025-05.xlsx
2632,ICT support and test engineers,2315.7,2266.7,2305.3,39.3,38.9,39.2,AUD,weekly,2025-05-01,Australian Bureau of Statistics,"Employee Earnings and Hours - Data Cube 11, Table 1",abs_employee_earnings_hours_anzsco4_2025-05.xlsx
2633,Telecommunications engineering professionals,2924.8,2782.9,2904.0,50.0,39.0,48.4,AUD,weekly,2025-05-01,Australian Bureau of Statistics,"Employee Earnings and Hours - Data Cube 11, Table 1",abs_employee_earnings_hours_anzsco4_2025-05.xlsx
2711,Barristers,3331.4,2918.6,3062.9,45.2,42.0,43.1,AUD,weekly,2025-05-01,Australian Bureau of Statistics,"Employee Earnings and Hours - Data Cube 11, Table 1",abs_employee_earnings_hours_anzsco4_2025-05.xlsx
2712,Judicial and other legal professionals,3110.2,2998.7,3039.7,43.4,41.0,41.9,AUD,weekly,2025-05-01,Australian Bureau of Statistics,"Employee Earnings and Hours - Data Cube 11, Table 1",abs_employee_earnings_hours_anzsco4_2025-05.xlsx
2713,Solicitors,2440.8,2169.3,2298.9,34.5,34.3,34.4,AUD,weekly,2025-05-01,Australian Bureau of Statistics,"Employee Earnings and Hours - Data Cube 11, Table 1",abs_employee_earnings_hours_anzsco4_2025-05.xlsx
2721,Counsellors,1184.5,1443.8,1407.1,45.7,44.6,44.7,AUD,weekly,2025-05-01,Australian Bureau of Statistics,"Employee Earnings and Hours - Data Cube 11, Table 1",abs_employee_earnings_hours_anzsco4_2025-05.xlsx
2722,Ministers of religion,1403.8,811.7,1210.0,46.7,51.7,48.3,AUD,weekly,2025-05-01,Australian Bureau of Statistics,"Employee Earnings and Hours - Data Cube 11, Table 1",abs_employee_earnings_hours_anzsco4_2025-05.xlsx
2723,Psychologists,2051.9,1395.4,1532.7,40.0,38.5,38.8,AUD,weekly,2025-05-01,Australian Bureau of Statistics,"Employee Earnings and Hours - Data Cube 11, Table 1",abs_employee_earnings_hours_anzsco4_2025-05.xlsx
2724,Social professionals,1440.7,1315.6,1356.7,47.7,51.6,50.4,AUD,weekly,2025-05-01,Australian Bureau of Statistics,"Employee Earnings and Hours - Data Cube 11, Table 1",abs_employee_earnings_hours_anzsco4_2025-05.xlsx
2725,Social workers,2200.1,1900.4,1928.4,44.3,42.2,42.4,AUD,weekly,2025-05-01,Australian Bureau of Statistics,"Employee Earnings and Hours - Data Cube 11, Table 1",abs_employee_earnings_hours_anzsco4_2025-05.xlsx
2726,"Welfare, recreation and community arts workers",1846.6,1687.1,1716.9,44.9,40.0,40.9,AUD,weekly,2025-05-01,Australian Bureau of Statistics,"Employee Earnings and Hours - Data Cube 11, Table 1",abs_employee_earnings_hours_anzsco4_2025-05.xlsx
3111,"Agricultural, agritech and aquaculture technicians",1418.2,2018.7,1678.7,57.5,51.8,55.0,AUD,weekly,2025-05-01,Australian Bureau of Statistics,"Employee Earnings and Hours - Data Cube 11, Table 1",abs_employee_earnings_hours_anzsco4_2025-05.xlsx
3112,Medical technicians,1300.6,1268.6,1275.8,41.2,43.4,42.9,AUD,weekly,2025-05-01,Australian Bureau of Statistics,"Employee Earnings and Hours - Data Cube 11, Table 1",abs_employee_earnings_hours_anzsco4_2025-05.xlsx
3113,Primary products assurance and inspection officers,2156.4,1322.1,1633.1,42.0,34.5,37.3,AUD,weekly,2025-05-01,Australian Bureau of Statistics,"Employee Earnings and Hours - Data Cube 11, Table 1",abs_employee_earnings_hours_anzsco4_2025-05.xlsx
3114,Science technicians,1756.5,1377.7,1587.8,44.1,39.8,42.2,AUD,weekly,2025-05-01,Australian Bureau of Statistics,"Employee Earnings and Hours - Data Cube 11, Table 1",abs_employee_earnings_hours_anzsco4_2025-05.xlsx
3121,"Architectural, building and surveying technicians",2374.2,1871.6,2304.9,42.8,39.0,42.3,AUD,weekly,2025-05-01,Australian Bureau of Statistics,"Employee Earnings and Hours - Data Cube 11, Table 1",abs_employee_earnings_hours_anzsco4_2025-05.xlsx
3122,Civil engineering draftspersons and technicians,1650.7,1925.9,1683.1,41.0,41.4,41.0,AUD,weekly,2025-05-01,Australian Bureau of Statistics,"Employee Earnings and Hours - Data Cube 11, Table 1",abs_employee_earnings_hours_anzsco4_2025-05.xlsx
3123,Electrical engineering draftspersons and technicians,2766.0,1851.9,2695.8,44.7,42.1,44.5,AUD,weekly,2025-05-01,Australian Bureau of Statistics,"Employee Earnings and Hours - Data Cube 11, Table 1",abs_employee_earnings_hours_anzsco4_2025-05.xlsx
3124,Electronic engineering draftspersons and technicians,,,1753.4,,,41.6,AUD,weekly,2025-05-01,Australian Bureau of Statistics,"Employee Earnings and Hours - Data Cube 11, Table 1",abs_employee_earnings_hours_anzsco4_2025-05.xlsx
3125,Mechanical engineering draftspersons and technicians,,,2671.1,,,48.5,AUD,weekly,2025-05-01,Australian Bureau of Statistics,"Employee Earnings and Hours - Data Cube 11, Table 1",abs_employee_earnings_hours_anzsco4_2025-05.xlsx
3126,Safety inspectors,1905.5,860.9,1745.3,41.1,27.7,39.0,AUD,weekly,2025-05-01,Australian Bureau of Statistics,"Employee Earnings and Hours - Data Cube 11, Table 1",abs_employee_earnings_hours_anzsco4_2025-05.xlsx
3129,Other building and engineering technicians,3141.6,2118.7,3008.1,45.0,41.8,44.6,AUD,weekly,2025-05-01,Australian Bureau of Statistics,"Employee Earnings and Hours - Data Cube 11, Table 1",abs_employee_earnings_hours_anzsco4_2025-05.xlsx
3131,ICT support technicians,1756.3,1663.2,1737.0,38.4,36.1,37.9,AUD,weekly,2025-05-01,Australian Bureau of Statistics,"Employee Earnings and Hours - Data Cube 11, Table 1",abs_employee_earnings_hours_anzsco4_2025-05.xlsx
3132,Telecommunications technical specialists,2370.2,2055.8,2303.8,46.0,39.2,44.6,AUD,weekly,2025-05-01,Australian Bureau of Statistics,"Employee Earnings and Hours - Data Cube 11, Table 1",abs_employee_earnings_hours_anzsco4_2025-05.xlsx
3211,Automotive electricians,,,2513.3,,,35.6,AUD,weekly,2025-05-01,Australian Bureau of Statistics,"Employee Earnings and Hours - Data Cube 11, Table 1",abs_employee_earnings_hours_anzsco4_2025-05.xlsx
3212,Motor mechanics,1566.0,1274.4,1561.5,36.8,27.0,36.7,AUD,weekly,2025-05-01,Australian Bureau of Statistics,"Employee Earnings and Hours - Data Cube 11, Table 1",abs_employee_earnings_hours_anzsco4_2025-05.xlsx
3221,"Metal casting, forging and finishing trades workers",,,,,,,AUD,weekly,2025-05-01,Australian Bureau of Statistics,"Employee Earnings and Hours - Data Cube 11, Table 1",abs_employee_earnings_hours_anzsco4_2025-05.xlsx
3222,Sheetmetal workers,,,1648.2,,,30.0,AUD,weekly,2025-05-01,Australian Bureau of Statistics,"Employee Earnings and Hours - Data Cube 11, Table 1",abs_employee_earnings_hours_anzsco4_2025-05.xlsx
3223,Structural steel and welding trades workers,1844.7,1323.2,1815.8,39.6,23.5,38.7,AUD,weekly,2025-05-01,Australian Bureau of Statistics,"Employee Earnings and Hours - Data Cube 11, Table 1",abs_employee_earnings_hours_anzsco4_2025-05.xlsx
3231,Aircraft maintenance engineers,,,2039.7,,,49.4,AUD,weekly,2025-05-01,Australian Bureau of Statistics,"Employee Earnings and Hours - Data Cube 11, Table 1",abs_employee_earnings_hours_anzsco4_2025-05.xlsx
3232,Metal fitters and machinists,2491.7,2381.9,2486.9,40.8,35.1,40.5,AUD,weekly,2025-05-01,Australian Bureau of Statistics,"Employee Earnings and Hours - Data Cube 11, Table 1",abs_employee_earnings_hours_anzsco4_2025-05.xlsx
3233,Precision metal trades workers,,,1308.9,,,30.2,AUD,weekly,2025-05-01,Australian Bureau of Statistics,"Employee Earnings and Hours - Data Cube 11, Table 1",abs_employee_earnings_hours_anzsco4_2025-05.xlsx
3234,Toolmakers and engineering patternmakers,840.8,,840.8,58.3,,58.3,AUD,weekly,2025-05-01,Australian Bureau of Statistics,"Employee Earnings and Hours - Data Cube 11, Table 1",abs_employee_earnings_hours_anzsco4_2025-05.xlsx
3241,Panelbeaters,,,1797.4,,,40.0,AUD,weekly,2025-05-01,Australian Bureau of Statistics,"Employee Earnings and Hours - Data Cube 11, Table 1",abs_employee_earnings_hours_anzsco4_2025-05.xlsx
3242,Vehicle body builders and trimmers,,,740.2,,,49.9,AUD,weekly,2025-05-01,Australian Bureau of Statistics,"Employee Earnings and Hours - Data Cube 11, Table 1",abs_employee_earnings_hours_anzsco4_2025-05.xlsx
3243,Vehicle painters,,,1721.3,,,38.8,AUD,weekly,2025-05-01,Australian Bureau of Statistics,"Employee Earnings and Hours - Data Cube 11, Table 1",abs_employee_earnings_hours_anzsco4_2025-05.xlsx
3311,Bricklayers and stonemasons,1688.4,,1688.4,40.0,,40.0,AUD,weekly,2025-05-01,Australian Bureau of Statistics,"Employee Earnings and Hours - Data Cube 11, Table 1",abs_employee_earnings_hours_anzsco4_2025-05.xlsx
3312,Carpenters and joiners,1681.9,890.0,1672.1,31.4,36.4,31.4,AUD,weekly,2025-05-01,Australian Bureau of Statistics,"Employee Earnings and Hours - Data Cube 11, Table 1",abs_employee_earnings_hours_anzsco4_2025-05.xlsx
3321,Floor finishers,1862.8,,1862.8,54.8,,54.8,AUD,weekly,2025-05-01,Australian Bureau of Statistics,"Employee Earnings and Hours - Data Cube 11, Table 1",abs_employee_earnings_hours_anzsco4_2025-05.xlsx
3322,Painters,1417.7,1148.9,1365.2,35.5,31.8,34.8,AUD,weekly,2025-05-01,Australian Bureau of Statistics,"Employee Earnings and Hours - Data Cube 11, Table 1",abs_employee_earnings_hours_anzsco4_2025-05.xlsx
3331,Glaziers,1850.1,,1850.1,34.3,,34.3,AUD,weekly,2025-05-01,Australian Bureau of Statistics,"Employee Earnings and Hours - Data Cube 11, Table 1",abs_employee_earnings_hours_anzsco4_2025-05.xlsx
3332,Plasterers and renderers,,,1311.0,,,26.8,AUD,weekly,2025-05-01,Australian Bureau of Statistics,"Employee Earnings and Hours - Data Cube 11, Table 1",abs_employee_earnings_hours_anzsco4_2025-05.xlsx
3333,Roof tilers,388.6,,388.6,69.7,,69.7,AUD,weekly,2025-05-01,Australian Bureau of Statistics,"Employee Earnings and Hours - Data Cube 11, Table 1",abs_employee_earnings_hours_anzsco4_2025-05.xlsx
3334,Wall and floor tilers,1104.2,,1104.2,48.7,,48.7,AUD,weekly,2025-05-01,Australian Bureau of Statistics,"Employee Earnings and Hours - Data Cube 11, Table 1",abs_employee_earnings_hours_anzsco4_2025-05.xlsx
3341,Plumbers,1747.5,1688.0,1746.8,32.2,23.3,32.1,AUD,weekly,2025-05-01,Australian Bureau of Statistics,"Employee Earnings and Hours - Data Cube 11, Table 1",abs_employee_earnings_hours_anzsco4_2025-05.xlsx
3411,Electricians,2149.7,1451.4,2129.2,37.2,27.5,36.9,AUD,weekly,2025-05-01,Australian Bureau of Statistics,"Employee Earnings and Hours - Data Cube 11, Table 1",abs_employee_earnings_hours_anzsco4_2025-05.xlsx
3421,Airconditioning and refrigeration mechanics,,,2069.7,,,34.8,AUD,weekly,2025-05-01,Australian Bureau of Statistics,"Employee Earnings and Hours - Data Cube 11, Table 1",abs_employee_earnings_hours_anzsco4_2025-05.xlsx
3422,Electrical distribution trades workers,,,3047.3,43.0,26.5,42.0,AUD,weekly,2025-05-01,Australian Bureau of Statistics,"Employee Earnings and Hours - Data Cube 11, Table 1",abs_employee_earnings_hours_anzsco4_2025-05.xlsx
3423,Electronics trades workers,,,1822.2,,,40.8,AUD,weekly,2025-05-01,Australian Bureau of Statistics,"Employee Earnings and Hours - Data Cube 11, Table 1",abs_employee_earnings_hours_anzsco4_2025-05.xlsx
3424,Telecommunications trades workers,,,2151.4,,,42.1,AUD,weekly,2025-05-01,Australian Bureau of Statistics,"Employee Earnings and Hours - Data Cube 11, Table 1",abs_employee_earnings_hours_anzsco4_2025-05.xlsx
3511,Bakers and pastrycooks,1198.0,1042.2,1151.8,36.8,37.5,37.0,AUD,weekly,2025-05-01,Australian Bureau of Statistics,"Employee Earnings and Hours - Data Cube 11, Table 1",abs_employee_earnings_hours_anzsco4_2025-05.xlsx
3512,Butchers and smallgoods makers,,,1397.7,,,35.5,AUD,weekly,2025-05-01,Australian Bureau of Statistics,"Employee Earnings and Hours - Data Cube 11, Table 1",abs_employee_earnings_hours_anzsco4_2025-05.xlsx
3513,Chefs,1308.9,1178.6,1270.1,36.6,34.4,36.0,AUD,weekly,2025-05-01,Australian Bureau of Statistics,"Employee Earnings and Hours - Data Cube 11, Table 1",abs_employee_earnings_hours_anzsco4_2025-05.xlsx
3514,Cooks,885.2,1059.8,962.6,33.3,40.1,36.3,AUD,weekly,2025-05-01,Australian Bureau of Statistics,"Employee Earnings and Hours - Data Cube 11, Table 1",abs_employee_earnings_hours_anzsco4_2025-05.xlsx
3611,Animal attendants and trainers,1115.5,992.1,1016.3,38.0,32.7,33.8,AUD,weekly,2025-05-01,Australian Bureau of Statistics,"Employee Earnings and Hours - Data Cube 11, Table 1",abs_employee_earnings_hours_anzsco4_2025-05.xlsx
3613,Veterinary nurses,,969.3,969.3,,33.0,33.0,AUD,weekly,2025-05-01,Australian Bureau of Statistics,"Employee Earnings and Hours - Data Cube 11, Table 1",abs_employee_earnings_hours_anzsco4_2025-05.xlsx
3621,Florists,,1193.7,1193.7,,40.0,40.0,AUD,weekly,2025-05-01,Australian Bureau of Statistics,"Employee Earnings and Hours - Data Cube 11, Table 1",abs_employee_earnings_hours_anzsco4_2025-05.xlsx
3623,Sports turf managers and trades workers,,,1363.8,,,44.6,AUD,weekly,2025-05-01,Australian Bureau of Statistics,"Employee Earnings and Hours - Data Cube 11, Table 1",abs_employee_earnings_hours_anzsco4_2025-05.xlsx
3624,Nurserypersons,,,1244.8,,,49.5,AUD,weekly,2025-05-01,Australian Bureau of Statistics,"Employee Earnings and Hours - Data Cube 11, Table 1",abs_employee_earnings_hours_anzsco4_2025-05.xlsx
3625,Arboriculture workers,1431.6,1513.4,1444.0,34.7,23.8,33.1,AUD,weekly,2025-05-01,Australian Bureau of Statistics,"Employee Earnings and Hours - Data Cube 11, Table 1",abs_employee_earnings_hours_anzsco4_2025-05.xlsx
3626,Gardeners (general),990.0,1209.9,1009.4,41.6,44.5,41.9,AUD,weekly,2025-05-01,Australian Bureau of Statistics,"Employee Earnings and Hours - Data Cube 11, Table 1",abs_employee_earnings_hours_anzsco4_2025-05.xlsx
3627,Landscape gardeners and irrigation technicians,,,1398.1,,,34.6,AUD,weekly,2025-05-01,Australian Bureau of Statistics,"Employee Earnings and Hours - Data Cube 11, Table 1",abs_employee_earnings_hours_anzsco4_2025-05.xlsx
3631,"Senior aquaculture, crop and forestry workers",,,,,,,AUD,weekly,2025-05-01,Australian Bureau of Statistics,"Employee Earnings and Hours - Data Cube 11, Table 1",abs_employee_earnings_hours_anzsco4_2025-05.xlsx
3632,Senior livestock farm workers,,,,,,,AUD,weekly,2025-05-01,Australian Bureau of Statistics,"Employee Earnings and Hours - Data Cube 11, Table 1",abs_employee_earnings_hours_anzsco4_2025-05.xlsx
3633,Shearers and wool classers,,,,,,,AUD,weekly,2025-05-01,Australian Bureau of Statistics,"Employee Earnings and Hours - Data Cube 11, Table 1",abs_employee_earnings_hours_anzsco4_2025-05.xlsx
3911,Hairdressers,797.6,936.8,887.6,31.5,28.7,29.7,AUD,weekly,2025-05-01,Australian Bureau of Statistics,"Employee Earnings and Hours - Data Cube 11, Table 1",abs_employee_earnings_hours_anzsco4_2025-05.xlsx
3921,Print finishers and screen printers,,,960.5,,,58.6,AUD,weekly,2025-05-01,Australian Bureau of Statistics,"Employee Earnings and Hours - Data Cube 11, Table 1",abs_employee_earnings_hours_anzsco4_2025-05.xlsx
3922,Graphic pre-press trades workers,1927.8,1359.9,1762.0,44.2,40.3,43.1,AUD,weekly,2025-05-01,Australian Bureau of Statistics,"Employee Earnings and Hours - Data Cube 11, Table 1",abs_employee_earnings_hours_anzsco4_2025-05.xlsx
3923,Printers,1482.6,1211.2,1395.9,50.2,60.4,53.5,AUD,weekly,2025-05-01,Australian Bureau of Statistics,"Employee Earnings and Hours - Data Cube 11, Table 1",abs_employee_earnings_hours_anzsco4_2025-05.xlsx
3931,Canvas and leather goods makers,,,,,,,AUD,weekly,2025-05-01,Australian Bureau of Statistics,"Employee Earnings and Hours - Data Cube 11, Table 1",abs_employee_earnings_hours_anzsco4_2025-05.xlsx
3932,Clothing trades workers,,595.7,595.7,,47.0,47.0,AUD,weekly,2025-05-01,Australian Bureau of Statistics,"Employee Earnings and Hours - Data Cube 11, Table 1",abs_employee_earnings_hours_anzsco4_2025-05.xlsx
3933,Upholsterers,1384.4,,1384.4,40.5,,40.5,AUD,weekly,2025-05-01,Australian Bureau of Statistics,"Employee Earnings and Hours - Data Cube 11, Table 1",abs_employee_earnings_hours_anzsco4_2025-05.xlsx
3941,Cabinet and furniture makers,,,1358.5,,,29.6,AUD,weekly,2025-05-01,Australian Bureau of Statistics,"Employee Earnings and Hours - Data Cube 11, Table 1",abs_employee_earnings_hours_anzsco4_2025-05.xlsx
3942,Wood machinists and other wood trades workers,1186.1,,1186.1,52.3,,52.3,AUD,weekly,2025-05-01,Australian Bureau of Statistics,"Employee Earnings and Hours - Data Cube 11, Table 1",abs_employee_earnings_hours_anzsco4_2025-05.xlsx
3991,Boat builders and shipwrights,1896.1,,1896.1,37.8,,37.8,AUD,weekly,2025-05-01,Australian Bureau of Statistics,"Employee Earnings and Hours - Data Cube 11, Table 1",abs_employee_earnings_hours_anzsco4_2025-05.xlsx
3992,"Chemical, gas, petroleum and power generation plant operators",3190.4,3226.3,3192.9,47.3,46.3,47.3,AUD,weekly,2025-05-01,Australian Bureau of Statistics,"Employee Earnings and Hours - Data Cube 11, Table 1",abs_employee_earnings_hours_anzsco4_2025-05.xlsx
3993,"Gallery, library and museum technicians",884.6,1102.0,1082.0,30.8,50.7,48.9,AUD,weekly,2025-05-01,Australian Bureau of Statistics,"Employee Earnings and Hours - Data Cube 11, Table 1",abs_employee_earnings_hours_anzsco4_2025-05.xlsx
3994,Jewellers,,,,,,,AUD,weekly,2025-05-01,Australian Bureau of Statistics,"Employee Earnings and Hours - Data Cube 11, Table 1",abs_employee_earnings_hours_anzsco4_2025-05.xlsx
3995,Performing arts technicians,1334.3,1389.1,1348.7,39.1,40.6,39.5,AUD,weekly,2025-05-01,Australian Bureau of Statistics,"Employee Earnings and Hours - Data Cube 11, Table 1",abs_employee_earnings_hours_anzsco4_2025-05.xlsx
3996,Signwriters,,,,,,,AUD,weekly,2025-05-01,Australian Bureau of Statistics,"Employee Earnings and Hours - Data Cube 11, Table 1",abs_employee_earnings_hours_anzsco4_2025-05.xlsx
3999,Other miscellaneous technicians and trades workers,2689.9,648.0,2148.4,44.9,39.7,43.5,AUD,weekly,2025-05-01,Australian Bureau of Statistics,"Employee Earnings and Hours - Data Cube 11, Table 1",abs_employee_earnings_hours_anzsco4_2025-05.xlsx
4111,Ambulance officers and paramedics,2849.6,2486.7,2686.9,43.6,38.0,41.1,AUD,weekly,2025-05-01,Australian Bureau of Statistics,"Employee Earnings and Hours - Data Cube 11, Table 1",abs_employee_earnings_hours_anzsco4_2025-05.xlsx
4112,"Dental hygienists, technicians and therapists",1646.3,1396.9,1461.1,52.2,34.1,38.8,AUD,weekly,2025-05-01,Australian Bureau of Statistics,"Employee Earnings and Hours - Data Cube 11, Table 1",abs_employee_earnings_hours_anzsco4_2025-05.xlsx
4113,Diversional therapists,,1163.4,1163.4,,47.4,47.4,AUD,weekly,2025-05-01,Australian Bureau of Statistics,"Employee Earnings and Hours - Data Cube 11, Table 1",abs_employee_earnings_hours_anzsco4_2025-05.xlsx
4114,Enrolled and mothercraft nurses,1572.8,1247.2,1293.5,34.4,41.5,40.5,AUD,weekly,2025-05-01,Australian Bureau of Statistics,"Employee Earnings and Hours - Data Cube 11, Table 1",abs_employee_earnings_hours_anzsco4_2025-05.xlsx
4115,Indigenous health workers,,,1529.8,,,36.7,AUD,weekly,2025-05-01,Australian Bureau of Statistics,"Employee Earnings and Hours - Data Cube 11, Table 1",abs_employee_earnings_hours_anzsco4_2025-05.xlsx
4116,Massage therapists,883.8,753.7,788.7,35.6,41.0,39.5,AUD,weekly,2025-05-01,Australian Bureau of Statistics,"Employee Earnings and Hours - Data Cube 11, Table 1",abs_employee_earnings_hours_anzsco4_2025-05.xlsx
4117,Welfare support workers,1594.7,1518.0,1538.0,39.4,43.5,42.4,AUD,weekly,2025-05-01,Australian Bureau of Statistics,"Employee Earnings and Hours - Data Cube 11, Table 1",abs_employee_earnings_hours_anzsco4_2025-05.xlsx
4211,Child carers,685.3,898.0,890.2,26.4,34.8,34.5,AUD,weekly,2025-05-01,Australian Bureau of Statistics,"Employee Earnings and Hours - Data Cube 11, Table 1",abs_employee_earnings_hours_anzsco4_2025-05.xlsx
4221,Education aides,968.3,901.2,909.4,43.6,45.2,45.0,AUD,weekly,2025-05-01,Australian Bureau of Statistics,"Employee Earnings and Hours - Data Cube 11, Table 1",abs_employee_earnings_hours_anzsco4_2025-05.xlsx
4231,Aged and disabled carers,1097.3,1004.3,1027.4,37.8,41.2,40.4,AUD,weekly,2025-05-01,Australian Bureau of Statistics,"Employee Earnings and Hours - Data Cube 11, Table 1",abs_employee_earnings_hours_anzsco4_2025-05.xlsx
4232,Dental assistants,1479.5,832.6,875.6,34.5,32.1,32.3,AUD,weekly,2025-05-01,Australian Bureau of Statistics,"Employee Earnings and Hours - Data Cube 11, Table 1",abs_employee_earnings_hours_anzsco4_2025-05.xlsx
4233,Nursing support and personal care workers,1155.8,1105.9,1117.7,41.0,39.6,39.9,AUD,weekly,2025-05-01,Australian Bureau of Statistics,"Employee Earnings and Hours - Data Cube 11, Table 1",abs_employee_earnings_hours_anzsco4_2025-05.xlsx
4234,Special care workers,1397.6,1108.4,1150.0,44.4,38.5,39.4,AUD,weekly,2025-05-01,Australian Bureau of Statistics,"Employee Earnings and Hours - Data Cube 11, Table 1",abs_employee_earnings_hours_anzsco4_2025-05.xlsx
4311,Bar attendants and baristas,879.7,821.2,840.6,30.6,27.9,28.8,AUD,weekly,2025-05-01,Australian Bureau of Statistics,"Employee Earnings and Hours - Data Cube 11, Table 1",abs_employee_earnings_hours_anzsco4_2025-05.xlsx
4312,Cafe workers,811.0,656.5,691.6,28.2,28.4,28.4,AUD,weekly,2025-05-01,Australian Bureau of Statistics,"Employee Earnings and Hours - Data Cube 11, Table 1",abs_employee_earnings_hours_anzsco4_2025-05.xlsx
4313,Gaming workers,1485.7,1013.0,1283.9,37.0,32.5,35.1,AUD,weekly,2025-05-01,Australian Bureau of Statistics,"Employee Earnings and Hours - Data Cube 11, Table 1",abs_employee_earnings_hours_anzsco4_2025-05.xlsx
4314,Hotel service managers,1326.4,1351.4,1345.7,39.9,41.0,40.8,AUD,weekly,2025-05-01,Australian Bureau of Statistics,"Employee Earnings and Hours - Data Cube 11, Table 1",abs_employee_earnings_hours_anzsco4_2025-05.xlsx
4315,Waiters,572.1,668.8,638.1,27.5,28.1,27.9,AUD,weekly,2025-05-01,Australian Bureau of Statistics,"Employee Earnings and Hours - Data Cube 11, Table 1",abs_employee_earnings_hours_anzsco4_2025-05.xlsx
4319,Other hospitality workers,753.9,593.7,662.4,26.9,29.1,28.1,AUD,weekly,2025-05-01,Australian Bureau of Statistics,"Employee Earnings and Hours - Data Cube 11, Table 1",abs_employee_earnings_hours_anzsco4_2025-05.xlsx
4411,Defence force members - other ranks,,,,,,,AUD,weekly,2025-05-01,Australian Bureau of Statistics,"Employee Earnings and Hours - Data Cube 11, Table 1",abs_employee_earnings_hours_anzsco4_2025-05.xlsx
4412,Fire and emergency workers,2189.3,1967.8,2168.5,42.6,42.1,42.5,AUD,weekly,2025-05-01,Australian Bureau of Statistics,"Employee Earnings and Hours - Data Cube 11, Table 1",abs_employee_earnings_hours_anzsco4_2025-05.xlsx
4413,Police,2601.0,2155.5,2471.2,40.1,39.6,40.0,AUD,weekly,2025-05-01,Australian Bureau of Statistics,"Employee Earnings and Hours - Data Cube 11, Table 1",abs_employee_earnings_hours_anzsco4_2025-05.xlsx
4421,Prison officers,2155.0,2079.0,2135.5,45.3,47.7,45.9,AUD,weekly,2025-05-01,Australian Bureau of Statistics,"Employee Earnings and Hours - Data Cube 11, Table 1",abs_employee_earnings_hours_anzsco4_2025-05.xlsx
4422,Security officers and guards,1515.2,1414.9,1492.8,43.9,40.6,43.2,AUD,weekly,2025-05-01,Australian Bureau of Statistics,"Employee Earnings and Hours - Data Cube 11, Table 1",abs_employee_earnings_hours_anzsco4_2025-05.xlsx
4511,Beauty therapists,751.6,799.8,794.0,36.7,38.0,37.9,AUD,weekly,2025-05-01,Australian Bureau of Statistics,"Employee Earnings and Hours - Data Cube 11, Table 1",abs_employee_earnings_hours_anzsco4_2025-05.xlsx
4512,Driving instructors,1817.2,,1817.2,47.7,,47.7,AUD,weekly,2025-05-01,Australian Bureau of Statistics,"Employee Earnings and Hours - Data Cube 11, Table 1",abs_employee_earnings_hours_anzsco4_2025-05.xlsx
4513,Funeral workers,,,,,,,AUD,weekly,2025-05-01,Australian Bureau of Statistics,"Employee Earnings and Hours - Data Cube 11, Table 1",abs_employee_earnings_hours_anzsco4_2025-05.xlsx
4514,"Gallery, museum and tour guides",694.7,1108.1,1011.4,38.3,34.2,35.2,AUD,weekly,2025-05-01,Australian Bureau of Statistics,"Employee Earnings and Hours - Data Cube 11, Table 1",abs_employee_earnings_hours_anzsco4_2025-05.xlsx
4515,Personal care consultants,,,,,,,AUD,weekly,2025-05-01,Australian Bureau of Statistics,"Employee Earnings and Hours - Data Cube 11, Table 1",abs_employee_earnings_hours_anzsco4_2025-05.xlsx
4516,Tourism and travel advisers,870.6,1148.9,1119.2,42.5,47.2,46.7,AUD,weekly,2025-05-01,Australian Bureau of Statistics,"Employee Earnings and Hours - Data Cube 11, Table 1",abs_employee_earnings_hours_anzsco4_2025-05.xlsx
4517,Travel attendants,1741.4,1315.1,1452.6,46.2,39.8,41.8,AUD,weekly,2025-05-01,Australian Bureau of Statistics,"Employee Earnings and Hours - Data Cube 11, Table 1",abs_employee_earnings_hours_anzsco4_2025-05.xlsx
4518,Other personal service workers,1032.6,483.8,615.4,44.5,37.7,39.4,AUD,weekly,2025-05-01,Australian Bureau of Statistics,"Employee Earnings and Hours - Data Cube 11, Table 1",abs_employee_earnings_hours_anzsco4_2025-05.xlsx
4521,Fitness instructors,398.3,425.6,417.8,32.6,36.5,35.4,AUD,weekly,2025-05-01,Australian Bureau of Statistics,"Employee Earnings and Hours - Data Cube 11, Table 1",abs_employee_earnings_hours_anzsco4_2025-05.xlsx
4522,Outdoor adventure guides,892.5,1015.6,996.7,37.2,23.3,25.4,AUD,weekly,2025-05-01,Australian Bureau of Statistics,"Employee Earnings and Hours - Data Cube 11, Table 1",abs_employee_earnings_hours_anzsco4_2025-05.xlsx
4523,"Sports coaches, instructors and officials",613.6,329.9,456.8,28.5,26.1,27.2,AUD,weekly,2025-05-01,Australian Bureau of Statistics,"Employee Earnings and Hours - Data Cube 11, Table 1",abs_employee_earnings_hours_anzsco4_2025-05.xlsx
4524,Sportspersons,1732.1,873.2,1381.4,25.4,24.6,25.1,AUD,weekly,2025-05-01,Australian Bureau of Statistics,"Employee Earnings and Hours - Data Cube 11, Table 1",abs_employee_earnings_hours_anzsco4_2025-05.xlsx
5111,"Contract, program and project administrators",2275.6,1890.7,2036.7,41.4,42.9,42.4,AUD,weekly,2025-05-01,Australian Bureau of Statistics,"Employee Earnings and Hours - Data Cube 11, Table 1",abs_employee_earnings_hours_anzsco4_2025-05.xlsx
5121,Office managers,1857.4,1460.8,1510.7,44.9,46.0,45.8,AUD,weekly,2025-05-01,Australian Bureau of Statistics,"Employee Earnings and Hours - Data Cube 11, Table 1",abs_employee_earnings_hours_anzsco4_2025-05.xlsx
5122,Practice managers,,,1516.2,,,47.6,AUD,weekly,2025-05-01,Australian Bureau of Statistics,"Employee Earnings and Hours - Data Cube 11, Table 1",abs_employee_earnings_hours_anzsco4_2025-05.xlsx
5211,Personal assistants,1295.6,1615.1,1588.2,29.1,44.2,43.0,AUD,weekly,2025-05-01,Australian Bureau of Statistics,"Employee Earnings and Hours - Data Cube 11, Table 1",abs_employee_earnings_hours_anzsco4_2025-05.xlsx
5212,Secretaries,1226.6,1194.0,1197.0,53.4,50.2,50.5,AUD,weekly,2025-05-01,Australian Bureau of Statistics,"Employee Earnings and Hours - Data Cube 11, Table 1",abs_employee_earnings_hours_anzsco4_2025-05.xlsx
5311,General clerks,1273.2,1154.5,1170.6,38.5,43.5,42.9,AUD,weekly,2025-05-01,Australian Bureau of Statistics,"Employee Earnings and Hours - Data Cube 11, Table 1",abs_employee_earnings_hours_anzsco4_2025-05.xlsx
5321,Keyboard operators,1323.9,807.7,904.1,34.2,44.7,42.8,AUD,weekly,2025-05-01,Australian Bureau of Statistics,"Employee Earnings and Hours - Data Cube 11, Table 1",abs_employee_earnings_hours_anzsco4_2025-05.xlsx
5411,Call or contact centre workers,1370.2,1350.2,1356.5,36.8,40.7,39.5,AUD,weekly,2025-05-01,Australian Bureau of Statistics,"Employee Earnings and Hours - Data Cube 11, Table 1",abs_employee_earnings_hours_anzsco4_2025-05.xlsx
5412,Information officers,1404.6,1232.3,1296.7,37.1,40.2,39.0,AUD,weekly,2025-05-01,Australian Bureau of Statistics,"Employee Earnings and Hours - Data Cube 11, Table 1",abs_employee_earnings_hours_anzsco4_2025-05.xlsx
5421,Receptionists,783.3,889.8,880.4,33.8,40.5,39.9,AUD,weekly,2025-05-01,Australian Bureau of Statistics,"Employee Earnings and Hours - Data Cube 11, Table 1",abs_employee_earnings_hours_anzsco4_2025-05.xlsx
5511,Accounting clerks,1601.0,1276.2,1310.3,41.0,48.8,48.0,AUD,weekly,2025-05-01,Australian Bureau of Statistics,"Employee Earnings and Hours - Data Cube 11, Table 1",abs_employee_earnings_hours_anzsco4_2025-05.xlsx
5512,Bookkeepers,994.6,808.2,818.8,33.7,47.3,46.6,AUD,weekly,2025-05-01,Australian Bureau of Statistics,"Employee Earnings and Hours - Data Cube 11, Table 1",abs_employee_earnings_hours_anzsco4_2025-05.xlsx
5513,Payroll clerks,1823.1,1405.2,1479.9,46.0,46.4,46.3,AUD,weekly,2025-05-01,Australian Bureau of Statistics,"Employee Earnings and Hours - Data Cube 11, Table 1",abs_employee_earnings_hours_anzsco4_2025-05.xlsx
5521,Bank workers,1602.1,1384.1,1450.5,36.2,42.0,40.2,AUD,weekly,2025-05-01,Australian Bureau of Statistics,"Employee Earnings and Hours - Data Cube 11, Table 1",abs_employee_earnings_hours_anzsco4_2025-05.xlsx
5522,Credit and loans officers (Aus) / finance clerks (NZ),2003.2,1654.1,1794.2,43.2,42.2,42.6,AUD,weekly,2025-05-01,Australian Bureau of Statistics,"Employee Earnings and Hours - Data Cube 11, Table 1",abs_employee_earnings_hours_anzsco4_2025-05.xlsx
5523,"Insurance, money market and statistical clerks",1513.8,1525.7,1522.0,36.8,39.5,38.7,AUD,weekly,2025-05-01,Australian Bureau of Statistics,"Employee Earnings and Hours - Data Cube 11, Table 1",abs_employee_earnings_hours_anzsco4_2025-05.xlsx
5611,Betting clerks,,308.6,308.6,,63.8,63.8,AUD,weekly,2025-05-01,Australian Bureau of Statistics,"Employee Earnings and Hours - Data Cube 11, Table 1",abs_employee_earnings_hours_anzsco4_2025-05.xlsx
5612,Couriers and postal deliverers,1426.6,1168.3,1367.6,53.2,49.2,52.3,AUD,weekly,2025-05-01,Australian Bureau of Statistics,"Employee Earnings and Hours - Data Cube 11, Table 1",abs_employee_earnings_hours_anzsco4_2025-05.xlsx
5613,Filing and registry clerks,1639.6,1354.7,1396.6,53.3,44.2,45.5,AUD,weekly,2025-05-01,Australian Bureau of Statistics,"Employee Earnings and Hours - Data Cube 11, Table 1",abs_employee_earnings_hours_anzsco4_2025-05.xlsx
5614,Mail sorters,,,,,,45.9,AUD,weekly,2025-05-01,Australian Bureau of Statistics,"Employee Earnings and Hours - Data Cube 11, Table 1",abs_employee_earnings_hours_anzsco4_2025-05.xlsx
5615,Survey interviewers,,915.8,915.8,,49.2,49.2,AUD,weekly,2025-05-01,Australian Bureau of Statistics,"Employee Earnings and Hours - Data Cube 11, Table 1",abs_employee_earnings_hours_anzsco4_2025-05.xlsx
5616,Switchboard operators,,1437.1,1437.1,,60.1,60.1,AUD,weekly,2025-05-01,Australian Bureau of Statistics,"Employee Earnings and Hours - Data Cube 11, Table 1",abs_employee_earnings_hours_anzsco4_2025-05.xlsx
5619,Other clerical and office support workers,955.3,895.2,912.6,42.2,40.8,41.2,AUD,weekly,2025-05-01,Australian Bureau of Statistics,"Employee Earnings and Hours - Data Cube 11, Table 1",abs_employee_earnings_hours_anzsco4_2025-05.xlsx
5911,Purchasing and supply logistics clerks,1661.1,1394.7,1553.4,44.4,40.4,42.8,AUD,weekly,2025-05-01,Australian Bureau of Statistics,"Employee Earnings and Hours - Data Cube 11, Table 1",abs_employee_earnings_hours_anzsco4_2025-05.xlsx
5912,Transport and despatch clerks,1768.6,1528.0,1687.0,42.2,45.4,43.3,AUD,weekly,2025-05-01,Australian Bureau of Statistics,"Employee Earnings and Hours - Data Cube 11, Table 1",abs_employee_earnings_hours_anzsco4_2025-05.xlsx
5991,Conveyancers and legal executives,1223.8,1421.2,1361.4,27.2,37.6,34.5,AUD,weekly,2025-05-01,Australian Bureau of Statistics,"Employee Earnings and Hours - Data Cube 11, Table 1",abs_employee_earnings_hours_anzsco4_2025-05.xlsx
5992,Court and legal clerks,1486.5,1215.9,1254.2,42.7,38.8,39.4,AUD,weekly,2025-05-01,Australian Bureau of Statistics,"Employee Earnings and Hours - Data Cube 11, Table 1",abs_employee_earnings_hours_anzsco4_2025-05.xlsx
5993,Debt collectors,1401.8,1515.1,1462.6,46.0,44.9,45.4,AUD,weekly,2025-05-01,Australian Bureau of Statistics,"Employee Earnings and Hours - Data Cube 11, Table 1",abs_employee_earnings_hours_anzsco4_2025-05.xlsx
5994,Human resource clerks,1494.7,1457.9,1466.9,32.8,40.3,38.5,AUD,weekly,2025-05-01,Australian Bureau of Statistics,"Employee Earnings and Hours - Data Cube 11, Table 1",abs_employee_earnings_hours_anzsco4_2025-05.xlsx
5995,Inspectors and regulatory officers,1891.8,1644.0,1781.2,46.5,43.6,45.2,AUD,weekly,2025-05-01,Australian Bureau of Statistics,"Employee Earnings and Hours - Data Cube 11, Table 1",abs_employee_earnings_hours_anzsco4_2025-05.xlsx
5996,"Insurance investigators, loss adjusters and risk surveyors",1857.4,1819.0,1842.2,48.2,46.1,47.3,AUD,weekly,2025-05-01,Australian Bureau of Statistics,"Employee Earnings and Hours - Data Cube 11, Table 1",abs_employee_earnings_hours_anzsco4_2025-05.xlsx
5997,Library assistants,1251.9,840.4,909.0,31.8,44.6,42.5,AUD,weekly,2025-05-01,Australian Bureau of Statistics,"Employee Earnings and Hours - Data Cube 11, Table 1",abs_employee_earnings_hours_anzsco4_2025-05.xlsx
5999,Other miscellaneous clerical and administrative workers,1407.9,1216.7,1295.3,41.5,38.2,39.6,AUD,weekly,2025-05-01,Australian Bureau of Statistics,"Employee Earnings and Hours - Data Cube 11, Table 1",abs_employee_earnings_hours_anzsco4_2025-05.xlsx
6111,"Auctioneers, and stock and station agents",,,,,,,AUD,weekly,2025-05-01,Australian Bureau of Statistics,"Employee Earnings and Hours - Data Cube 11, Table 1",abs_employee_earnings_hours_anzsco4_2025-05.xlsx
6112,Insurance agents,1756.0,1502.5,1577.8,36.7,35.6,35.9,AUD,weekly,2025-05-01,Australian Bureau of Statistics,"Employee Earnings and Hours - Data Cube 11, Table 1",abs_employee_earnings_hours_anzsco4_2025-05.xlsx
6113,Sales representatives,1772.9,1553.2,1681.6,43.5,41.3,42.6,AUD,weekly,2025-05-01,Australian Bureau of Statistics,"Employee Earnings and Hours - Data Cube 11, Table 1",abs_employee_earnings_hours_anzsco4_2025-05.xlsx
6121,Real estate sales agents,1831.1,1460.8,1640.2,41.0,40.9,40.9,AUD,weekly,2025-05-01,Australian Bureau of Statistics,"Employee Earnings and Hours - Data Cube 11, Table 1",abs_employee_earnings_hours_anzsco4_2025-05.xlsx
6211,Sales assistants (general),667.7,613.4,633.0,29.7,33.5,32.2,AUD,weekly,2025-05-01,Australian Bureau of Statistics,"Employee Earnings and Hours - Data Cube 11, Table 1",abs_employee_earnings_hours_anzsco4_2025-05.xlsx
6212,ICT sales assistants,,,1202.4,,,28.6,AUD,weekly,2025-05-01,Australian Bureau of Statistics,"Employee Earnings and Hours - Data Cube 11, Table 1",abs_employee_earnings_hours_anzsco4_2025-05.xlsx
6213,Motor vehicle and vehicle parts salespersons,1391.5,1543.5,1415.3,41.1,33.0,39.8,AUD,weekly,2025-05-01,Australian Bureau of Statistics,"Employee Earnings and Hours - Data Cube 11, Table 1",abs_employee_earnings_hours_anzsco4_2025-05.xlsx
6214,Pharmacy sales assistants,830.1,909.4,893.8,25.2,35.1,33.2,AUD,weekly,2025-05-01,Australian Bureau of Statistics,"Employee Earnings and Hours - Data Cube 11, Table 1",abs_employee_earnings_hours_anzsco4_2025-05.xlsx
6215,Retail supervisors,1274.1,1093.1,1169.1,34.1,37.9,36.3,AUD,weekly,2025-05-01,Australian Bureau of Statistics,"Employee Earnings and Hours - Data Cube 11, Table 1",abs_employee_earnings_hours_anzsco4_2025-05.xlsx
6216,Service station attendants,492.1,879.9,604.6,35.8,31.2,34.5,AUD,weekly,2025-05-01,Australian Bureau of Statistics,"Employee Earnings and Hours - Data Cube 11, Table 1",abs_employee_earnings_hours_anzsco4_2025-05.xlsx
6217,Street vendors and related salespersons,,,,,,,AUD,weekly,2025-05-01,Australian Bureau of Statistics,"Employee Earnings and Hours - Data Cube 11, Table 1",abs_employee_earnings_hours_anzsco4_2025-05.xlsx
6219,Other sales assistants and salespersons,1351.4,967.4,1171.8,34.1,38.8,36.3,AUD,weekly,2025-05-01,Australian Bureau of Statistics,"Employee Earnings and Hours - Data Cube 11, Table 1",abs_employee_earnings_hours_anzsco4_2025-05.xlsx
6311,Checkout operators and office cashiers,471.3,413.2,434.4,26.3,27.0,26.8,AUD,weekly,2025-05-01,Australian Bureau of Statistics,"Employee Earnings and Hours - Data Cube 11, Table 1",abs_employee_earnings_hours_anzsco4_2025-05.xlsx
6391,Models and sales demonstrators,513.0,522.0,519.8,40.4,47.5,45.8,AUD,weekly,2025-05-01,Australian Bureau of Statistics,"Employee Earnings and Hours - Data Cube 11, Table 1",abs_employee_earnings_hours_anzsco4_2025-05.xlsx
6392,Retail and wool buyers,2141.9,1561.9,1651.7,39.6,35.3,36.0,AUD,weekly,2025-05-01,Australian Bureau of Statistics,"Employee Earnings and Hours - Data Cube 11, Table 1",abs_employee_earnings_hours_anzsco4_2025-05.xlsx
6393,Telemarketers,,,1566.7,,,43.0,AUD,weekly,2025-05-01,Australian Bureau of Statistics,"Employee Earnings and Hours - Data Cube 11, Table 1",abs_employee_earnings_hours_anzsco4_2025-05.xlsx
6394,Ticket salespersons,1065.7,825.3,896.9,35.7,32.5,33.4,AUD,weekly,2025-05-01,Australian Bureau of Statistics,"Employee Earnings and Hours - Data Cube 11, Table 1",abs_employee_earnings_hours_anzsco4_2025-05.xlsx
6395,Visual merchandisers,991.8,1030.3,1022.4,42.4,37.2,38.3,AUD,weekly,2025-05-01,Australian Bureau of Statistics,"Employee Earnings and Hours - Data Cube 11, Table 1",abs_employee_earnings_hours_anzsco4_2025-05.xlsx
6399,Other sales support workers,,,604.6,,,35.8,AUD,weekly,2025-05-01,Australian Bureau of Statistics,"Employee Earnings and Hours - Data Cube 11, Table 1",abs_employee_earnings_hours_anzsco4_2025-05.xlsx
7111,"Clay, concrete, glass and stone processing machine operators",1805.9,,1805.9,40.3,,40.3,AUD,weekly,2025-05-01,Australian Bureau of Statistics,"Employee Earnings and Hours - Data Cube 11, Table 1",abs_employee_earnings_hours_anzsco4_2025-05.xlsx
7112,Industrial spraypainters,,,1702.2,,,44.8,AUD,weekly,2025-05-01,Australian Bureau of Statistics,"Employee Earnings and Hours - Data Cube 11, Table 1",abs_employee_earnings_hours_anzsco4_2025-05.xlsx
7113,Paper and wood processing machine operators,,,1537.8,,,45.3,AUD,weekly,2025-05-01,Australian Bureau of Statistics,"Employee Earnings and Hours - Data Cube 11, Table 1",abs_employee_earnings_hours_anzsco4_2025-05.xlsx
7114,Photographic developers and printers,,,984.4,,,43.7,AUD,weekly,2025-05-01,Australian Bureau of Statistics,"Employee Earnings and Hours - Data Cube 11, Table 1",abs_employee_earnings_hours_anzsco4_2025-05.xlsx
7115,Plastics and rubber production machine operators,,,1747.5,,,46.7,AUD,weekly,2025-05-01,Australian Bureau of Statistics,"Employee Earnings and Hours - Data Cube 11, Table 1",abs_employee_earnings_hours_anzsco4_2025-05.xlsx
7116,Sewing machinists,1034.7,897.6,960.7,49.0,41.3,44.9,AUD,weekly,2025-05-01,Australian Bureau of Statistics,"Employee Earnings and Hours - Data Cube 11, Table 1",abs_employee_earnings_hours_anzsco4_2025-05.xlsx
7117,Textile and footwear production machine operators,,,1014.2,,,40.8,AUD,weekly,2025-05-01,Australian Bureau of Statistics,"Employee Earnings and Hours - Data Cube 11, Table 1",abs_employee_earnings_hours_anzsco4_2025-05.xlsx
7119,Other machine operators,1864.1,1182.5,1491.6,46.0,43.7,44.8,AUD,weekly,2025-05-01,Australian Bureau of Statistics,"Employee Earnings and Hours - Data Cube 11, Table 1",abs_employee_earnings_hours_anzsco4_2025-05.xlsx
7121,"Crane, hoist and lift operators",,,3434.3,,,47.1,AUD,weekly,2025-05-01,Australian Bureau of Statistics,"Employee Earnings and Hours - Data Cube 11, Table 1",abs_employee_earnings_hours_anzsco4_2025-05.xlsx
7122,"Drillers, miners and shot firers",2994.1,2551.7,2935.5,43.5,44.1,43.6,AUD,weekly,2025-05-01,Australian Bureau of Statistics,"Employee Earnings and Hours - Data Cube 11, Table 1",abs_employee_earnings_hours_anzsco4_2025-05.xlsx
7123,Engineering production workers,1819.3,1687.7,1814.6,45.5,47.9,45.6,AUD,weekly,2025-05-01,Australian Bureau of Statistics,"Employee Earnings and Hours - Data Cube 11, Table 1",abs_employee_earnings_hours_anzsco4_2025-05.xlsx
7129,Other stationary plant operators,2123.5,1842.9,2078.9,45.6,37.4,44.3,AUD,weekly,2025-05-01,Australian Bureau of Statistics,"Employee Earnings and Hours - Data Cube 11, Table 1",abs_employee_earnings_hours_anzsco4_2025-05.xlsx
7211,"Agricultural, forestry and horticultural plant operators",,,1519.7,,,48.1,AUD,weekly,2025-05-01,Australian Bureau of Statistics,"Employee Earnings and Hours - Data Cube 11, Table 1",abs_employee_earnings_hours_anzsco4_2025-05.xlsx
7212,Earthmoving plant operators,2078.5,2804.3,2105.5,41.5,37.0,41.3,AUD,weekly,2025-05-01,Australian Bureau of Statistics,"Employee Earnings and Hours - Data Cube 11, Table 1",abs_employee_earnings_hours_anzsco4_2025-05.xlsx
7213,Forklift drivers,1458.5,1424.4,1455.9,43.0,36.0,42.5,AUD,weekly,2025-05-01,Australian Bureau of Statistics,"Employee Earnings and Hours - Data Cube 11, Table 1",abs_employee_earnings_hours_anzsco4_2025-05.xlsx
7219,Other mobile plant operators,1846.7,1765.4,1836.3,39.3,35.0,38.7,AUD,weekly,2025-05-01,Australian Bureau of Statistics,"Employee Earnings and Hours - Data Cube 11, Table 1",abs_employee_earnings_hours_anzsco4_2025-05.xlsx
7311,Automobile drivers,466.6,437.7,465.6,58.9,37.4,58.1,AUD,weekly,2025-05-01,Australian Bureau of Statistics,"Employee Earnings and Hours - Data Cube 11, Table 1",abs_employee_earnings_hours_anzsco4_2025-05.xlsx
7312,Bus and coach drivers,1424.9,1013.0,1359.1,55.2,55.0,55.2,AUD,weekly,2025-05-01,Australian Bureau of Statistics,"Employee Earnings and Hours - Data Cube 11, Table 1",abs_employee_earnings_hours_anzsco4_2025-05.xlsx
7313,Train and tram drivers,2971.2,3221.3,3019.5,52.3,43.5,50.6,AUD,weekly,2025-05-01,Australian Bureau of Statistics,"Employee Earnings and Hours - Data Cube 11, Table 1",abs_employee_earnings_hours_anzsco4_2025-05.xlsx
7321,Delivery drivers,1121.2,832.6,1067.9,44.8,41.2,44.1,AUD,weekly,2025-05-01,Australian Bureau of Statistics,"Employee Earnings and Hours - Data Cube 11, Table 1",abs_employee_earnings_hours_anzsco4_2025-05.xlsx
7331,Truck drivers,1897.9,1914.6,1899.1,48.3,41.5,47.9,AUD,weekly,2025-05-01,Australian Bureau of Statistics,"Employee Earnings and Hours - Data Cube 11, Table 1",abs_employee_earnings_hours_anzsco4_2025-05.xlsx
7411,Storepersons,1327.3,1062.2,1265.8,39.6,37.4,39.1,AUD,weekly,2025-05-01,Australian Bureau of Statistics,"Employee Earnings and Hours - Data Cube 11, Table 1",abs_employee_earnings_hours_anzsco4_2025-05.xlsx
8111,Car detailers,,,983.3,,,32.9,AUD,weekly,2025-05-01,Australian Bureau of Statistics,"Employee Earnings and Hours - Data Cube 11, Table 1",abs_employee_earnings_hours_anzsco4_2025-05.xlsx
8112,Commercial cleaners,793.3,766.8,776.0,38.5,45.0,42.8,AUD,weekly,2025-05-01,Australian Bureau of Statistics,"Employee Earnings and Hours - Data Cube 11, Table 1",abs_employee_earnings_hours_anzsco4_2025-05.xlsx
8113,Domestic cleaners,554.1,856.4,746.5,37.6,46.8,43.5,AUD,weekly,2025-05-01,Australian Bureau of Statistics,"Employee Earnings and Hours - Data Cube 11, Table 1",abs_employee_earnings_hours_anzsco4_2025-05.xlsx
8114,Housekeepers,610.1,659.1,650.2,33.3,41.0,39.6,AUD,weekly,2025-05-01,Australian Bureau of Statistics,"Employee Earnings and Hours - Data Cube 11, Table 1",abs_employee_earnings_hours_anzsco4_2025-05.xlsx
8115,Laundry workers,1071.1,870.7,942.2,42.7,40.6,41.3,AUD,weekly,2025-05-01,Australian Bureau of Statistics,"Employee Earnings and Hours - Data Cube 11, Table 1",abs_employee_earnings_hours_anzsco4_2025-05.xlsx
8116,Other cleaners,1302.4,383.7,1098.0,42.2,34.4,40.5,AUD,weekly,2025-05-01,Australian Bureau of Statistics,"Employee Earnings and Hours - Data Cube 11, Table 1",abs_employee_earnings_hours_anzsco4_2025-05.xlsx
8211,Building and plumbing labourers,1682.6,1494.6,1670.2,34.3,35.0,34.3,AUD,weekly,2025-05-01,Australian Bureau of Statistics,"Employee Earnings and Hours - Data Cube 11, Table 1",abs_employee_earnings_hours_anzsco4_2025-05.xlsx
8212,Concreters,,,1962.0,,,34.4,AUD,weekly,2025-05-01,Australian Bureau of Statistics,"Employee Earnings and Hours - Data Cube 11, Table 1",abs_employee_earnings_hours_anzsco4_2025-05.xlsx
8213,Fencers,,,1588.8,,,31.1,AUD,weekly,2025-05-01,Australian Bureau of Statistics,"Employee Earnings and Hours - Data Cube 11, Table 1",abs_employee_earnings_hours_anzsco4_2025-05.xlsx
8214,Insulation and home improvement installers,,,1332.5,,,35.1,AUD,weekly,2025-05-01,Australian Bureau of Statistics,"Employee Earnings and Hours - Data Cube 11, Table 1",abs_employee_earnings_hours_anzsco4_2025-05.xlsx
8215,Paving and surfacing labourers,,,1846.1,,,37.4,AUD,weekly,2025-05-01,Australian Bureau of Statistics,"Employee Earnings and Hours - Data Cube 11, Table 1",abs_employee_earnings_hours_anzsco4_2025-05.xlsx
8216,Railway track workers,,,2670.2,,,35.5,AUD,weekly,2025-05-01,Australian Bureau of Statistics,"Employee Earnings and Hours - Data Cube 11, Table 1",abs_employee_earnings_hours_anzsco4_2025-05.xlsx
8217,Structural steel construction workers,,,2669.9,,,36.5,AUD,weekly,2025-05-01,Australian Bureau of Statistics,"Employee Earnings and Hours - Data Cube 11, Table 1",abs_employee_earnings_hours_anzsco4_2025-05.xlsx
8219,Other construction and mining labourers,1865.1,2350.9,1882.1,34.0,31.3,33.9,AUD,weekly,2025-05-01,Australian Bureau of Statistics,"Employee Earnings and Hours - Data Cube 11, Table 1",abs_employee_earnings_hours_anzsco4_2025-05.xlsx
8311,Food and drink factory workers,1629.5,1463.1,1559.6,40.7,38.7,39.8,AUD,weekly,2025-05-01,Australian Bureau of Statistics,"Employee Earnings and Hours - Data Cube 11, Table 1",abs_employee_earnings_hours_anzsco4_2025-05.xlsx
8312,"Meat boners and slicers, and slaughterers",1634.9,1383.0,1567.1,39.3,38.4,39.1,AUD,weekly,2025-05-01,Australian Bureau of Statistics,"Employee Earnings and Hours - Data Cube 11, Table 1",abs_employee_earnings_hours_anzsco4_2025-05.xlsx
8313,"Meat, poultry and seafood process workers",1276.3,1264.8,1272.5,36.4,35.0,35.9,AUD,weekly,2025-05-01,Australian Bureau of Statistics,"Employee Earnings and Hours - Data Cube 11, Table 1",abs_employee_earnings_hours_anzsco4_2025-05.xlsx
8321,Packers,920.7,1018.3,977.5,36.6,40.2,38.7,AUD,weekly,2025-05-01,Australian Bureau of Statistics,"Employee Earnings and Hours - Data Cube 11, Table 1",abs_employee_earnings_hours_anzsco4_2025-05.xlsx
8322,Product assemblers,1178.4,1090.6,1167.0,39.1,48.1,40.2,AUD,weekly,2025-05-01,Australian Bureau of Statistics,"Employee Earnings and Hours - Data Cube 11, Table 1",abs_employee_earnings_hours_anzsco4_2025-05.xlsx
8391,Metal engineering process workers,1217.3,987.6,1162.6,39.4,42.5,40.1,AUD,weekly,2025-05-01,Australian Bureau of Statistics,"Employee Earnings and Hours - Data Cube 11, Table 1",abs_employee_earnings_hours_anzsco4_2025-05.xlsx
8392,Plastics and rubber factory workers,,,1633.4,,,33.6,AUD,weekly,2025-05-01,Australian Bureau of Statistics,"Employee Earnings and Hours - Data Cube 11, Table 1",abs_employee_earnings_hours_anzsco4_2025-05.xlsx
8393,Product quality controllers,1473.5,1126.3,1294.2,46.6,49.1,47.9,AUD,weekly,2025-05-01,Australian Bureau of Statistics,"Employee Earnings and Hours - Data Cube 11, Table 1",abs_employee_earnings_hours_anzsco4_2025-05.xlsx
8394,Timber and wood process workers,,,1602.9,,,47.6,AUD,weekly,2025-05-01,Australian Bureau of Statistics,"Employee Earnings and Hours - Data Cube 11, Table 1",abs_employee_earnings_hours_anzsco4_2025-05.xlsx
8399,Other factory process workers,1286.6,529.9,1189.9,35.8,42.4,36.6,AUD,weekly,2025-05-01,Australian Bureau of Statistics,"Employee Earnings and Hours - Data Cube 11, Table 1",abs_employee_earnings_hours_anzsco4_2025-05.xlsx
8421,Aquaculture workers,,,,,,,AUD,weekly,2025-05-01,Australian Bureau of Statistics,"Employee Earnings and Hours - Data Cube 11, Table 1",abs_employee_earnings_hours_anzsco4_2025-05.xlsx
8422,Crop farm workers,1205.9,910.6,1143.3,31.3,26.8,30.3,AUD,weekly,2025-05-01,Australian Bureau of Statistics,"Employee Earnings and Hours - Data Cube 11, Table 1",abs_employee_earnings_hours_anzsco4_2025-05.xlsx
8423,Livestock farm workers,947.2,609.5,719.2,39.7,27.4,31.4,AUD,weekly,2025-05-01,Australian Bureau of Statistics,"Employee Earnings and Hours - Data Cube 11, Table 1",abs_employee_earnings_hours_anzsco4_2025-05.xlsx
8424,Mixed production farm workers,,,1629.7,,,39.7,AUD,weekly,2025-05-01,Australian Bureau of Statistics,"Employee Earnings and Hours - Data Cube 11, Table 1",abs_employee_earnings_hours_anzsco4_2025-05.xlsx
8431,Forestry and logging workers,,,,,,,AUD,weekly,2025-05-01,Australian Bureau of Statistics,"Employee Earnings and Hours - Data Cube 11, Table 1",abs_employee_earnings_hours_anzsco4_2025-05.xlsx
8432,Garden labourers,1310.0,1065.8,1297.1,34.1,55.3,35.2,AUD,weekly,2025-05-01,Australian Bureau of Statistics,"Employee Earnings and Hours - Data Cube 11, Table 1",abs_employee_earnings_hours_anzsco4_2025-05.xlsx
8433,Horticultural nursery assistants,801.1,831.9,820.6,34.8,43.0,40.0,AUD,weekly,2025-05-01,Australian Bureau of Statistics,"Employee Earnings and Hours - Data Cube 11, Table 1",abs_employee_earnings_hours_anzsco4_2025-05.xlsx
8434,Pest control technicians,,,1185.5,,,41.8,AUD,weekly,2025-05-01,Australian Bureau of Statistics,"Employee Earnings and Hours - Data Cube 11, Table 1",abs_employee_earnings_hours_anzsco4_2025-05.xlsx
8439,Other forestry and garden workers,,,1108.9,,,43.6,AUD,weekly,2025-05-01,Australian Bureau of Statistics,"Employee Earnings and Hours - Data Cube 11, Table 1",abs_employee_earnings_hours_anzsco4_2025-05.xlsx
8511,Fast food cooks,440.3,401.9,423.5,20.8,24.3,22.3,AUD,weekly,2025-05-01,Australian Bureau of Statistics,"Employee Earnings and Hours - Data Cube 11, Table 1",abs_employee_earnings_hours_anzsco4_2025-05.xlsx
8512,Food trades assistants,,,1239.9,,,38.0,AUD,weekly,2025-05-01,Australian Bureau of Statistics,"Employee Earnings and Hours - Data Cube 11, Table 1",abs_employee_earnings_hours_anzsco4_2025-05.xlsx
8513,Kitchenhands,488.0,568.8,535.8,22.9,30.9,27.6,AUD,weekly,2025-05-01,Australian Bureau of Statistics,"Employee Earnings and Hours - Data Cube 11, Table 1",abs_employee_earnings_hours_anzsco4_2025-05.xlsx
8911,Freight and furniture handlers,1559.8,1261.9,1500.0,32.9,35.1,33.4,AUD,weekly,2025-05-01,Australian Bureau of Statistics,"Employee Earnings and Hours - Data Cube 11, Table 1",abs_employee_earnings_hours_anzsco4_2025-05.xlsx
8912,Shelf fillers,561.0,832.5,628.7,33.4,44.4,36.1,AUD,weekly,2025-05-01,Australian Bureau of Statistics,"Employee Earnings and Hours - Data Cube 11, Table 1",abs_employee_earnings_hours_anzsco4_2025-05.xlsx
8991,Caretakers,1265.8,1191.0,1262.8,56.8,46.6,56.3,AUD,weekly,2025-05-01,Australian Bureau of Statistics,"Employee Earnings and Hours - Data Cube 11, Table 1",abs_employee_earnings_hours_anzsco4_2025-05.xlsx
8992,Deck and fishing hands,1746.6,1547.9,1675.7,32.9,31.9,32.6,AUD,weekly,2025-05-01,Australian Bureau of Statistics,"Employee Earnings and Hours - Data Cube 11, Table 1",abs_employee_earnings_hours_anzsco4_2025-05.xlsx
8993,Handypersons,1272.2,1379.2,1274.7,46.5,35.4,46.2,AUD,weekly,2025-05-01,Australian Bureau of Statistics,"Employee Earnings and Hours - Data Cube 11, Table 1",abs_employee_earnings_hours_anzsco4_2025-05.xlsx
8994,Motor vehicle parts and accessories fitters,,,1085.8,,,29.1,AUD,weekly,2025-05-01,Australian Bureau of Statistics,"Employee Earnings and Hours - Data Cube 11, Table 1",abs_employee_earnings_hours_anzsco4_2025-05.xlsx
8995,Printing assistants and table workers,679.6,972.7,796.9,47.9,29.4,40.5,AUD,weekly,2025-05-01,Australian Bureau of Statistics,"Employee Earnings and Hours - Data Cube 11, Table 1",abs_employee_earnings_hours_anzsco4_2025-05.xlsx
8996,Recycling and rubbish collectors,,,1367.5,,,35.7,AUD,weekly,2025-05-01,Australian Bureau of Statistics,"Employee Earnings and Hours - Data Cube 11, Table 1",abs_employee_earnings_hours_anzsco4_2025-05.xlsx
8997,Vending machine attendants,1006.6,682.4,741.3,45.9,34.6,36.7,AUD,weekly,2025-05-01,Australian Bureau of Statistics,"Employee Earnings and Hours - Data Cube 11, Table 1",abs_employee_earnings_hours_anzsco4_2025-05.xlsx
8999,Other miscellaneous labourers,1428.7,867.0,1257.8,39.5,38.6,39.2,AUD,weekly,2025-05-01,Australian Bureau of Statistics,"Employee Earnings and Hours - Data Cube 11, Table 1",abs_employee_earnings_hours_anzsco4_2025-05.xlsx
